URL,FinalStatusCode,StatusLabel,RedirectChain,ResponseTimeMs,Notes,CheckedAt
https://findlayedu.wpenginepowered.com/,200,OK,200,634,,2026-05-08T07:41:41.088Z
https://findlayedu.wpenginepowered.com/about/accessibility-statement/,200,OK,200,270,,2026-05-08T07:41:42.528Z
https://findlayedu.wpenginepowered.com/about/accreditations/,200,OK,200,279,,2026-05-08T07:41:43.599Z
https://findlayedu.wpenginepowered.com/about/city-of-findlay/,200,OK,200,280,,2026-05-08T07:41:44.680Z
https://findlayedu.wpenginepowered.com/about/parking-and-transportation/,200,OK,200,277,,2026-05-08T07:41:45.760Z
https://findlayedu.wpenginepowered.com/about/state-authorizations/education-programs-state-authorizations/,200,OK,200,270,,2026-05-08T07:41:46.839Z
https://findlayedu.wpenginepowered.com/about/fast-facts/,200,OK,200,789,,2026-05-08T07:41:47.910Z
https://findlayedu.wpenginepowered.com/about/hea-disclosure/,200,OK,200,272,,2026-05-08T07:41:49.502Z
https://findlayedu.wpenginepowered.com/about/institutional-research/,200,OK,200,786,,2026-05-08T07:41:50.575Z
https://findlayedu.wpenginepowered.com/about/state-authorizations/licensure-program-state-authorizations/,200,OK,200,269,,2026-05-08T07:41:52.163Z
https://findlayedu.wpenginepowered.com/about/fast-facts/,200,OK,200,360,,2026-05-08T07:41:53.234Z
https://findlayedu.wpenginepowered.com/about/state-authorizations/nursing-state-authorizations/,200,OK,200,270,,2026-05-08T07:41:54.396Z
https://findlayedu.wpenginepowered.com/about/state-authorizations/pharmacy-state-authorizations/,200,OK,200,380,,2026-05-08T07:41:55.468Z
https://findlayedu.wpenginepowered.com/about/privacy-policy/,200,OK,200,326,,2026-05-08T07:41:56.649Z
https://findlayedu.wpenginepowered.com/about/state-authorizations/,200,OK,200,324,,2026-05-08T07:41:57.775Z
https://findlayedu.wpenginepowered.com/about/mission-vision,200,OK,301→200,1145,,2026-05-08T07:41:58.901Z
https://findlayedu.wpenginepowered.com/about/history/,200,OK,200,291,,2026-05-08T07:42:00.847Z
https://findlayedu.wpenginepowered.com/about/history/christian-heritage/,200,OK,200,461,,2026-05-08T07:42:01.939Z
https://findlayedu.wpenginepowered.com/about/history/derrick-the-oiler/,200,OK,200,432,,2026-05-08T07:42:03.201Z
https://findlayedu.wpenginepowered.com/about/history/historical-timeline/,200,OK,200,469,,2026-05-08T07:42:04.434Z
https://findlayedu.wpenginepowered.com/about/history/history-of-uf-and-cggc/,200,OK,200,380,,2026-05-08T07:42:05.704Z
https://findlayedu.wpenginepowered.com/about/history/traditions/,200,OK,200,431,,2026-05-08T07:42:06.885Z
https://findlayedu.wpenginepowered.com/about/leadership/,200,OK,200,322,,2026-05-08T07:42:08.118Z
https://findlayedu.wpenginepowered.com/about/leadership/about-the-president/,200,OK,200,325,,2026-05-08T07:42:09.242Z
https://findlayedu.wpenginepowered.com/about/leadership/board-of-trustees/,200,OK,200,268,,2026-05-08T07:42:10.369Z
https://findlayedu.wpenginepowered.com/about/leadership/cabinet/,200,OK,200,279,,2026-05-08T07:42:11.438Z
https://findlayedu.wpenginepowered.com/academics/,200,OK,200,279,,2026-05-08T07:42:12.520Z
https://findlayedu.wpenginepowered.com/academics/program-finder/,200,OK,200,267,,2026-05-08T07:42:13.601Z
https://findlayedu.wpenginepowered.com/academics/undergraduate/associate-degrees/,200,OK,200,814,,2026-05-08T07:42:14.670Z
https://findlayedu.wpenginepowered.com/about/centers-and-institutes/,200,OK,200,285,,2026-05-08T07:42:16.285Z
https://findlayedu.wpenginepowered.com/academics/core/,200,OK,200,272,,2026-05-08T07:42:17.371Z
https://findlayedu.wpenginepowered.com/academics/graduate/,200,OK,200,338,,2026-05-08T07:42:18.445Z
https://findlayedu.wpenginepowered.com/academics/non-degree-programs/,200,OK,200,281,,2026-05-08T07:42:19.585Z
https://findlayedu.wpenginepowered.com/academics/research/,0,UNKNOWN_ERROR: Too many redirects (>20),301→301→301→301→301→301→301→301→301→301→301→301→301→301→301→301→301→301→301→301→301,6205,UNKNOWN_ERROR: Too many redirects (>20),2026-05-08T07:42:20.668Z
https://findlayedu.wpenginepowered.com/academics/undergraduate/,200,OK,200,326,,2026-05-08T07:42:27.673Z
https://findlayedu.wpenginepowered.com/admissions-aid/,200,OK,200,325,,2026-05-08T07:42:28.800Z
https://findlayedu.wpenginepowered.com/admissions-aid/first-year-students/requirements-and-deadlines/,200,OK,200,275,,2026-05-08T07:42:29.927Z
https://findlayedu.wpenginepowered.com/admissions-aid/check-application-status/,200,OK,200,374,,2026-05-08T07:42:31.004Z
https://findlayedu.wpenginepowered.com/admissions-aid/college-credit-plus/,200,OK,200,297,,2026-05-08T07:42:32.180Z
https://findlayedu.wpenginepowered.com/admissions-aid/college-credit-plus/administrators/,200,OK,200,272,,2026-05-08T07:42:33.277Z
https://findlayedu.wpenginepowered.com/admissions-aid/college-credit-plus/ccp-partner-schools/,200,OK,200,407,,2026-05-08T07:42:34.351Z
https://findlayedu.wpenginepowered.com/admissions-aid/college-credit-plus/current-students/,200,OK,200,340,,2026-05-08T07:42:35.559Z
https://findlayedu.wpenginepowered.com/admissions-aid/college-credit-plus/faq/,200,OK,200,417,,2026-05-08T07:42:36.702Z
https://findlayedu.wpenginepowered.com/admissions-aid/college-credit-plus/forms-resources/,200,OK,200,371,,2026-05-08T07:42:37.920Z
https://findlayedu.wpenginepowered.com/admissions-aid/college-credit-plus/future-students/,200,OK,200,382,,2026-05-08T07:42:39.092Z
https://findlayedu.wpenginepowered.com/admissions-aid/college-credit-plus/parents/,200,OK,200,319,,2026-05-08T07:42:40.276Z
https://findlayedu.wpenginepowered.com/admissions-aid/first-year-students/,200,OK,200,327,,2026-05-08T07:42:41.395Z
https://findlayedu.wpenginepowered.com/admissions-aid/first-year-students/accepted-next-steps/,200,OK,200,329,,2026-05-08T07:42:42.523Z
https://findlayedu.wpenginepowered.com/admissions-aid/graduate/alumni-discount/,200,OK,301→200,762,,2026-05-08T07:42:43.653Z
https://findlayedu.wpenginepowered.com/admissions-aid/graduate/graduate-assistantships/,200,OK,301→200,798,,2026-05-08T07:42:45.216Z
https://findlayedu.wpenginepowered.com/admissions-aid/graduate/graduate-orientation/,200,OK,301→200,743,,2026-05-08T07:42:46.815Z
https://findlayedu.wpenginepowered.com/academics/online/masters/,200,OK,200,331,,2026-05-08T07:42:48.360Z
https://findlayedu.wpenginepowered.com/admissions-aid/international-students/,200,OK,200,319,,2026-05-08T07:42:49.492Z
https://findlayedu.wpenginepowered.com/admissions-aid/international-students/admission-criteria-undergraduate-international-students/,200,OK,200,397,,2026-05-08T07:42:50.612Z
https://findlayedu.wpenginepowered.com/admissions-aid/international-students/admitted-international-students/,200,OK,200,276,,2026-05-08T07:42:51.811Z
https://findlayedu.wpenginepowered.com/admissions-aid/international-students/apply-now/,200,OK,200,304,,2026-05-08T07:42:52.888Z
https://findlayedu.wpenginepowered.com/admissions-aid/international-students/applying-for-your-f-1-visa/,200,OK,200,386,,2026-05-08T07:42:53.992Z
https://findlayedu.wpenginepowered.com/admissions-aid/international-students/arrival-at-the-university-of-findlay/,200,OK,200,397,,2026-05-08T07:42:55.179Z
https://findlayedu.wpenginepowered.com/admissions-aid/international-students/arriving-at-the-point-of-entry/,200,OK,200,392,,2026-05-08T07:42:56.377Z
https://findlayedu.wpenginepowered.com/admissions-aid/international-students/deferral-form/,200,OK,200,427,,2026-05-08T07:42:57.570Z
https://findlayedu.wpenginepowered.com/admissions-aid/international-students/estimated-expenses-for-i-20/,200,OK,200,444,,2026-05-08T07:42:58.798Z
https://findlayedu.wpenginepowered.com/admissions-aid/international-students/health-insurance/,200,OK,200,394,,2026-05-08T07:43:00.044Z
https://findlayedu.wpenginepowered.com/admissions-aid/international-students/housing/,200,OK,200,454,,2026-05-08T07:43:01.239Z
https://findlayedu.wpenginepowered.com/admissions-aid/international-students/immigration/,200,OK,200,425,,2026-05-08T07:43:02.494Z
https://findlayedu.wpenginepowered.com/admissions-aid/international-students/immigration/address-update/,200,OK,200,426,,2026-05-08T07:43:03.720Z
https://findlayedu.wpenginepowered.com/admissions-aid/international-students/immigration/change-of-status/,200,OK,200,434,,2026-05-08T07:43:04.949Z
https://findlayedu.wpenginepowered.com/admissions-aid/international-students/immigration/curricular-practical-training/,200,OK,200,874,,2026-05-08T07:43:06.184Z
https://findlayedu.wpenginepowered.com/admissions-aid/international-students/immigration/opt-application/,200,OK,200,390,,2026-05-08T07:43:07.859Z
https://findlayedu.wpenginepowered.com/admissions-aid/international-students/immigration/opt-employer-update-form/,200,OK,200,421,,2026-05-08T07:43:09.051Z
https://findlayedu.wpenginepowered.com/admissions-aid/international-students/immigration/severe-economic-hardship/,200,OK,200,405,,2026-05-08T07:43:10.272Z
https://findlayedu.wpenginepowered.com/admissions-aid/international-students/immigration/stem-opt-extension/,200,OK,200,1464,,2026-05-08T07:43:11.487Z
https://findlayedu.wpenginepowered.com/admissions-aid/international-students/immigration/travel-form/,200,OK,200,393,,2026-05-08T07:43:13.754Z
https://findlayedu.wpenginepowered.com/admissions-aid/international-students/international-graduate-students/,200,OK,200,391,,2026-05-08T07:43:14.949Z
https://findlayedu.wpenginepowered.com/admissions-aid/international-students/international-orientation-schedule/,200,OK,200,385,,2026-05-08T07:43:16.142Z
https://findlayedu.wpenginepowered.com/admissions-aid/international-students/international-student-graduate-admission-requirements/,200,OK,200,401,,2026-05-08T07:43:17.329Z
https://findlayedu.wpenginepowered.com/admissions-aid/international-students/invitation-letter-form/,200,OK,200,465,,2026-05-08T07:43:18.532Z
https://findlayedu.wpenginepowered.com/admissions-aid/international-students/recruitment-partners/,200,OK,200,425,,2026-05-08T07:43:19.798Z
https://findlayedu.wpenginepowered.com/admissions-aid/international-students/scholarships/,200,OK,200,326,,2026-05-08T07:43:21.025Z
https://findlayedu.wpenginepowered.com/admissions-aid/international-students/waive-english-proficiency-requirements/,200,OK,200,389,,2026-05-08T07:43:22.153Z
https://findlayedu.wpenginepowered.com/admissions-aid/military-services/,200,OK,200,273,,2026-05-08T07:43:23.342Z
https://findlayedu.wpenginepowered.com/admissions-aid/military-services/getting-started/,404,NOT_FOUND,404,411,,2026-05-08T07:43:24.416Z
https://findlayedu.wpenginepowered.com/admissions-aid/military-services/honor-wall/,200,OK,200,390,,2026-05-08T07:43:25.628Z
https://findlayedu.wpenginepowered.com/admissions-aid/military-services/scholarships-and-internships/,200,OK,200,382,,2026-05-08T07:43:26.819Z
https://findlayedu.wpenginepowered.com/admissions-aid/military-services/staff/,200,OK,200,382,,2026-05-08T07:43:28.002Z
https://findlayedu.wpenginepowered.com/admissions-aid/first-year-students/new-student-orientation/,200,OK,200,359,,2026-05-08T07:43:29.186Z
https://findlayedu.wpenginepowered.com/admissions-aid/first-year-students/future-oiler-registration/,200,OK,200,277,,2026-05-08T07:43:30.346Z
https://findlayedu.wpenginepowered.com/admissions-aid/oiler-early-advantage/,200,OK,200,274,,2026-05-08T07:43:31.424Z
https://findlayedu.wpenginepowered.com/admissions-aid/request-information/,200,OK,200,275,,2026-05-08T07:43:32.500Z
https://findlayedu.wpenginepowered.com/admissions-aid/first-year-students/scholarships-and-financial-aid/,200,OK,200,268,,2026-05-08T07:43:33.577Z
https://findlayedu.wpenginepowered.com/admissions-aid/transfer-students/,200,OK,200,267,,2026-05-08T07:43:34.647Z
https://findlayedu.wpenginepowered.com/admissions-aid/transfer-students/accepted-next-steps/,200,OK,200,278,,2026-05-08T07:43:35.715Z
https://findlayedu.wpenginepowered.com/admissions-aid/transfer-students/admissions-for-health-professions/,200,OK,200,267,,2026-05-08T07:43:36.793Z
https://findlayedu.wpenginepowered.com/admissions-aid/transfer-students/be-rewarded/,200,OK,200,269,,2026-05-08T07:43:37.862Z
https://findlayedu.wpenginepowered.com/admissions-aid/transfer-students/transfer-admission-criteria/,200,OK,200,339,,2026-05-08T07:43:38.931Z
https://findlayedu.wpenginepowered.com/admissions-aid/transfer-students/transfer-student-check-list/,404,NOT_FOUND,404,412,,2026-05-08T07:43:40.073Z
https://findlayedu.wpenginepowered.com/admissions-aid/transfer-students/transferology/,200,OK,200,441,,2026-05-08T07:43:41.287Z
https://findlayedu.wpenginepowered.com/admissions-aid/undecided-major/,200,OK,200,326,,2026-05-08T07:43:42.529Z
https://findlayedu.wpenginepowered.com/admissions-aid/accommodations/,200,OK,200,335,,2026-05-08T07:43:43.655Z
https://findlayedu.wpenginepowered.com/admissions-aid/oiler-scholarship/elite/,200,OK,200,271,,2026-05-08T07:43:44.792Z
https://findlayedu.wpenginepowered.com/admissions-aid/oiler-scholarship/leadership/,200,OK,200,371,,2026-05-08T07:43:45.863Z
https://findlayedu.wpenginepowered.com/admissions-aid/oiler-scholarship/,200,OK,200,325,,2026-05-08T07:43:47.035Z
https://findlayedu.wpenginepowered.com/admissions-aid/virtual-tour/,200,OK,200,278,,2026-05-08T07:43:48.160Z
https://findlayedu.wpenginepowered.com/academics/business-humanities/art/,200,OK,200,374,,2026-05-08T07:43:49.239Z
https://findlayedu.wpenginepowered.com/academics/business-humanities/art/art-major/,200,OK,200,275,,2026-05-08T07:43:50.415Z
https://findlayedu.wpenginepowered.com/academics/business-humanities/art/art-management/,200,OK,200,267,,2026-05-08T07:43:51.490Z
https://findlayedu.wpenginepowered.com/academics/business-humanities/art/childrens-book-illustration/,200,OK,200,333,,2026-05-08T07:43:52.557Z
https://findlayedu.wpenginepowered.com/academics/business-humanities/art/graphic-design/,200,OK,200,294,,2026-05-08T07:43:53.691Z
https://findlayedu.wpenginepowered.com/academics/business-humanities/art/orchestra/,200,OK,200,285,,2026-05-08T07:43:54.787Z
https://findlayedu.wpenginepowered.com/academics/business-humanities/art/performing-arts/,200,OK,200,286,,2026-05-08T07:43:55.873Z
https://findlayedu.wpenginepowered.com/academics/business-humanities/art/theatre/,200,OK,200,403,,2026-05-08T07:43:56.961Z
https://findlayedu.wpenginepowered.com/academics/business-humanities/behavioral-sciences/political-science/,200,OK,200,281,,2026-05-08T07:43:58.165Z
https://findlayedu.wpenginepowered.com/academics/business-humanities/behavioral-sciences/psychology/,200,OK,200,419,,2026-05-08T07:43:59.246Z
https://findlayedu.wpenginepowered.com/academics/business-humanities/communication/journalism/,200,OK,200,308,,2026-05-08T07:44:00.466Z
https://findlayedu.wpenginepowered.com/academics/business-humanities/communication/organizational-communication/,200,OK,200,286,,2026-05-08T07:44:01.576Z
https://findlayedu.wpenginepowered.com/academics/business-humanities/communication/public-relations/,200,OK,200,395,,2026-05-08T07:44:02.664Z
https://findlayedu.wpenginepowered.com/academics/business-humanities/english/english/,200,OK,200,285,,2026-05-08T07:44:03.860Z
https://findlayedu.wpenginepowered.com/academics/business-humanities/history-law/history/,200,OK,200,280,,2026-05-08T07:44:04.946Z
https://findlayedu.wpenginepowered.com/academics/business-humanities/history-law/pre-law/,200,OK,200,281,,2026-05-08T07:44:06.027Z
https://findlayedu.wpenginepowered.com/academics/business-humanities/justice-sciences/criminal-justice/,200,OK,200,321,,2026-05-08T07:44:07.110Z
https://findlayedu.wpenginepowered.com/academics/business-humanities/justice-sciences/forensic-science-biology/,200,OK,200,283,,2026-05-08T07:44:08.233Z
https://findlayedu.wpenginepowered.com/academics/business-humanities/justice-sciences/forensic-science-chemistry/,200,OK,200,310,,2026-05-08T07:44:09.317Z
https://findlayedu.wpenginepowered.com/academics/business-humanities/language-culture/ielp/,200,OK,200,293,,2026-05-08T07:44:10.428Z
https://findlayedu.wpenginepowered.com/academics/business-humanities/language-culture/intercultural-studies/,200,OK,200,312,,2026-05-08T07:44:11.522Z
https://findlayedu.wpenginepowered.com/academics/business-humanities/language-culture/international-studies/,200,OK,200,286,,2026-05-08T07:44:12.635Z
https://findlayedu.wpenginepowered.com/academics/business-humanities/language-culture/japanese/,200,OK,200,280,,2026-05-08T07:44:13.723Z
https://findlayedu.wpenginepowered.com/academics/business-humanities/language-culture/spanish/,200,OK,200,406,,2026-05-08T07:44:14.804Z
https://findlayedu.wpenginepowered.com/academics/business-humanities/language-culture/tesol/,200,OK,200,532,,2026-05-08T07:44:16.012Z
https://findlayedu.wpenginepowered.com/academics/business-humanities/language-culture/tesol-ma/,200,OK,200,326,,2026-05-08T07:44:17.346Z
https://findlayedu.wpenginepowered.com/academics/business-humanities/professional-communication/,200,OK,200,325,,2026-05-08T07:44:18.473Z
https://findlayedu.wpenginepowered.com/academics/business-humanities/religious-studies/,200,OK,200,326,,2026-05-08T07:44:19.598Z
https://findlayedu.wpenginepowered.com/academics/business-humanities/religious-studies/philosophy/,200,OK,200,341,,2026-05-08T07:44:20.725Z
https://findlayedu.wpenginepowered.com/academics/business-humanities/religious-studies/religious-studies/,200,OK,200,310,,2026-05-08T07:44:21.868Z
https://findlayedu.wpenginepowered.com/academics/business-humanities/rhetoric/,200,OK,200,326,,2026-05-08T07:44:22.977Z
https://findlayedu.wpenginepowered.com/academics/business-humanities/,200,OK,200,307,,2026-05-08T07:44:24.104Z
https://findlayedu.wpenginepowered.com/admissions-aid/undergraduate-student/,200,OK,200,454,,2026-05-08T07:44:25.213Z
https://findlayedu.wpenginepowered.com/academics/business-humanities/acbsp/,200,OK,200,306,,2026-05-08T07:44:26.469Z
https://findlayedu.wpenginepowered.com/academics/business-humanities/accounting/,200,OK,200,333,,2026-05-08T07:44:27.577Z
https://findlayedu.wpenginepowered.com/academics/business-humanities/brite-center/,200,OK,200,283,,2026-05-08T07:44:28.712Z
https://findlayedu.wpenginepowered.com/academics/business-humanities/business-analytics/,200,OK,200,289,,2026-05-08T07:44:29.796Z
https://findlayedu.wpenginepowered.com/academics/business-humanities/business-management/,200,OK,200,301,,2026-05-08T07:44:30.887Z
https://findlayedu.wpenginepowered.com/academics/business-humanities/business-partnerships/,200,OK,200,331,,2026-05-08T07:44:31.988Z
https://findlayedu.wpenginepowered.com/academics/business-humanities/dana-scholars/,200,OK,200,280,,2026-05-08T07:44:33.121Z
https://findlayedu.wpenginepowered.com/academics/business-humanities/finance/,200,OK,200,298,,2026-05-08T07:44:34.203Z
https://findlayedu.wpenginepowered.com/academics/business-humanities/innovative-competition/,200,OK,200,286,,2026-05-08T07:44:35.301Z
https://findlayedu.wpenginepowered.com/academics/business-humanities/marketing/,200,OK,200,282,,2026-05-08T07:44:36.388Z
https://findlayedu.wpenginepowered.com/academics/business-humanities/mba/,200,OK,200,288,,2026-05-08T07:44:37.472Z
https://findlayedu.wpenginepowered.com/academics/business-humanities/mba/business-analytics-concentration/,200,OK,200,309,,2026-05-08T07:44:38.561Z
https://findlayedu.wpenginepowered.com/academics/business-humanities/mba/cma/,200,OK,200,323,,2026-05-08T07:44:39.671Z
https://findlayedu.wpenginepowered.com/academics/business-humanities/mba/cpa/,200,OK,200,276,,2026-05-08T07:44:40.795Z
https://findlayedu.wpenginepowered.com/academics/business-humanities/mba/mba-accreditation/,200,OK,200,298,,2026-05-08T07:44:41.873Z
https://findlayedu.wpenginepowered.com/academics/business-humanities/online-organizational-leadership/,200,OK,200,284,,2026-05-08T07:44:42.972Z
https://findlayedu.wpenginepowered.com/academics/business-humanities/sport-business-strategy/,200,OK,200,293,,2026-05-08T07:44:44.057Z
https://findlayedu.wpenginepowered.com/academics/business-humanities/student-achievement/,200,OK,200,284,,2026-05-08T07:44:45.150Z
https://findlayedu.wpenginepowered.com/campus-life/student-organizations/,200,OK,200,311,,2026-05-08T07:44:46.237Z
https://findlayedu.wpenginepowered.com/academics/course-catalog/,200,OK,200,282,,2026-05-08T07:44:47.349Z
https://findlayedu.wpenginepowered.com/academics/education/,200,OK,200,369,,2026-05-08T07:44:48.433Z
https://findlayedu.wpenginepowered.com/academics/education/accreditations/,200,OK,200,341,,2026-05-08T07:44:49.604Z
https://findlayedu.wpenginepowered.com/academics/education/adolescent-young-adult/,200,OK,200,284,,2026-05-08T07:44:50.747Z
https://findlayedu.wpenginepowered.com/academics/education/adolescentyoung-adult-licensure/,200,OK,200,277,,2026-05-08T07:44:51.832Z
https://findlayedu.wpenginepowered.com/academics/education/doctor-of-education/,200,OK,200,768,,2026-05-08T07:44:52.911Z
https://findlayedu.wpenginepowered.com/academics/education/early-childhood-licensure/,200,OK,200,277,,2026-05-08T07:44:54.481Z
https://findlayedu.wpenginepowered.com/academics/education/edd-school-psychology/,200,OK,200,278,,2026-05-08T07:44:55.560Z
https://findlayedu.wpenginepowered.com/academics/education/hr-development/,200,OK,200,282,,2026-05-08T07:44:56.639Z
https://findlayedu.wpenginepowered.com/academics/education/intervention-specialist/,200,OK,200,283,,2026-05-08T07:44:57.723Z
https://findlayedu.wpenginepowered.com/academics/education/literacy-leadership-certificate/,200,OK,200,336,,2026-05-08T07:44:58.807Z
https://findlayedu.wpenginepowered.com/academics/education/mae-curricular-instructional-leadership/,200,OK,200,324,,2026-05-08T07:44:59.945Z
https://findlayedu.wpenginepowered.com/academics/education/mae-educational-administration/,200,OK,200,336,,2026-05-08T07:45:01.070Z
https://findlayedu.wpenginepowered.com/academics/education/mae-in-children-literature/,200,OK,200,317,,2026-05-08T07:45:02.206Z
https://findlayedu.wpenginepowered.com/academics/education/mae-reading-emphasis/,200,OK,200,333,,2026-05-08T07:45:03.325Z
https://findlayedu.wpenginepowered.com/academics/education/master-of-arts-in-education/,200,OK,200,280,,2026-05-08T07:45:04.459Z
https://findlayedu.wpenginepowered.com/academics/education/master-of-arts-in-education-on-campus/,200,OK,200,305,,2026-05-08T07:45:05.541Z
https://findlayedu.wpenginepowered.com/academics/education/middle-childhood-licensure/,200,OK,200,278,,2026-05-08T07:45:06.646Z
https://findlayedu.wpenginepowered.com/academics/education/multi-age-licensure/,200,OK,200,293,,2026-05-08T07:45:07.726Z
https://findlayedu.wpenginepowered.com/academics/education/professional-development/,200,OK,200,288,,2026-05-08T07:45:08.820Z
https://findlayedu.wpenginepowered.com/academics/education/professional-school-treasurer-licensure/,200,OK,200,418,,2026-05-08T07:45:09.910Z
https://findlayedu.wpenginepowered.com/academics/education/reading-endorsement/,200,OK,200,301,,2026-05-08T07:45:11.129Z
https://findlayedu.wpenginepowered.com/academics/education/school-building-leader/,200,OK,200,285,,2026-05-08T07:45:12.232Z
https://findlayedu.wpenginepowered.com/academics/education/school-counselor-leadership-certificate/,200,OK,200,275,,2026-05-08T07:45:13.318Z
https://findlayedu.wpenginepowered.com/academics/education/school-district-leader/,200,OK,200,592,,2026-05-08T07:45:14.394Z
https://findlayedu.wpenginepowered.com/academics/education/tesol-endorsement/,200,OK,200,283,,2026-05-08T07:45:15.788Z
https://findlayedu.wpenginepowered.com/academics/education/intervention-specialist/,200,OK,200,283,,2026-05-08T07:45:16.873Z
https://findlayedu.wpenginepowered.com/academics/education/master-of-arts-in-education/,200,OK,200,272,,2026-05-08T07:45:17.958Z
https://findlayedu.wpenginepowered.com/academics/education/middle-childhood/,200,OK,200,281,,2026-05-08T07:45:19.032Z
https://findlayedu.wpenginepowered.com/academics/education/multi-age/,200,OK,200,281,,2026-05-08T07:45:20.113Z
https://findlayedu.wpenginepowered.com/academics/education/primary-education/,200,OK,200,273,,2026-05-08T07:45:21.196Z
https://findlayedu.wpenginepowered.com/academics/education/the-clubhouse/,200,OK,200,278,,2026-05-08T07:45:22.270Z
https://findlayedu.wpenginepowered.com/academics/education/title-ii-report/,200,OK,200,296,,2026-05-08T07:45:23.349Z
https://findlayedu.wpenginepowered.com/academics/education/adolescent-young-adult/,200,OK,200,279,,2026-05-08T07:45:24.446Z
https://findlayedu.wpenginepowered.com/academics/education/adolescent-young-adult-language-arts/,200,OK,200,345,,2026-05-08T07:45:25.525Z
https://findlayedu.wpenginepowered.com/academics/education/adolescent-young-adult-life-science/,200,OK,200,271,,2026-05-08T07:45:26.672Z
https://findlayedu.wpenginepowered.com/academics/education/adolescent-young-adult-mathematics/,200,OK,200,377,,2026-05-08T07:45:27.744Z
https://findlayedu.wpenginepowered.com/academics/education/adolescent-young-adult-science/,200,OK,200,296,,2026-05-08T07:45:28.922Z
https://findlayedu.wpenginepowered.com/academics/education/adolescent-young-adult-social-studies/,200,OK,200,356,,2026-05-08T07:45:30.020Z
https://findlayedu.wpenginepowered.com/academics/education/intervention-specialist/,200,OK,200,274,,2026-05-08T07:45:31.176Z
https://findlayedu.wpenginepowered.com/academics/education/middle-childhood/,200,OK,200,273,,2026-05-08T07:45:32.251Z
https://findlayedu.wpenginepowered.com/academics/education/multi-age/,200,OK,200,283,,2026-05-08T07:45:33.324Z
https://findlayedu.wpenginepowered.com/academics/education/multi-age-health-physical-education/,200,OK,200,279,,2026-05-08T07:45:34.408Z
https://findlayedu.wpenginepowered.com/academics/education/multi-age-japanese/,200,OK,200,276,,2026-05-08T07:45:35.490Z
https://findlayedu.wpenginepowered.com/academics/education/multi-age-spanish/,200,OK,200,291,,2026-05-08T07:45:36.567Z
https://findlayedu.wpenginepowered.com/academics/education/multi-age-tesol/,200,OK,200,279,,2026-05-08T07:45:37.660Z
https://findlayedu.wpenginepowered.com/academics/education/multi-age-visual-arts/,200,OK,200,339,,2026-05-08T07:45:38.740Z
https://findlayedu.wpenginepowered.com/academics/education/primary-education/,200,OK,200,280,,2026-05-08T07:45:39.880Z
https://findlayedu.wpenginepowered.com/academics/education/primary-education1/,200,OK,200,371,,2026-05-08T07:45:40.961Z
https://findlayedu.wpenginepowered.com/admissions-aid/families/,200,OK,200,320,,2026-05-08T07:45:42.140Z
https://findlayedu.wpenginepowered.com/admissions-aid/families/semester-checklist/,200,OK,200,435,,2026-05-08T07:45:43.261Z
https://findlayedu.wpenginepowered.com/admissions-aid/families/family-resources/,200,OK,200,329,,2026-05-08T07:45:44.497Z
https://findlayedu.wpenginepowered.com/admissions-aid/families/new-family-orientation/,200,OK,200,322,,2026-05-08T07:45:45.628Z
https://findlayedu.wpenginepowered.com/admissions-aid/financial-aid/choose-ohio-first-scholarships/,200,OK,200,288,,2026-05-08T07:45:46.752Z
https://findlayedu.wpenginepowered.com/admissions-aid/tuition-fees/,200,OK,200,356,,2026-05-08T07:45:47.841Z
https://findlayedu.wpenginepowered.com/admissions-aid/financial-aid/federal-aid/,200,OK,200,397,,2026-05-08T07:45:48.997Z
https://findlayedu.wpenginepowered.com/admissions-aid/financial-aid/how-to-apply/,200,OK,200,397,,2026-05-08T07:45:50.196Z
https://findlayedu.wpenginepowered.com/admissions-aid/financial-aid/frequently-asked-questions/,200,OK,200,484,,2026-05-08T07:45:51.395Z
https://findlayedu.wpenginepowered.com/admissions-aid/graduate/financial-aid-scholarships/,200,OK,301→200,736,,2026-05-08T07:45:52.680Z
https://findlayedu.wpenginepowered.com/admissions-aid/military-services/financial-aid-scholarships/,200,OK,200,277,,2026-05-08T07:45:54.216Z
https://findlayedu.wpenginepowered.com/admissions-aid/financial-aid/other-resources/,200,OK,200,387,,2026-05-08T07:45:55.295Z
https://findlayedu.wpenginepowered.com/admissions-aid/scholarships/,200,OK,200,288,,2026-05-08T07:45:56.483Z
https://findlayedu.wpenginepowered.com/admissions-aid/financial-aid/summer/,200,OK,200,701,,2026-05-08T07:45:57.573Z
https://findlayedu.wpenginepowered.com/academics/health-professions/,200,OK,200,383,,2026-05-08T07:45:59.075Z
https://findlayedu.wpenginepowered.com/academics/health-professions/health-human-performance/exercise-science/,200,OK,200,288,,2026-05-08T07:46:00.260Z
https://findlayedu.wpenginepowered.com/academics/health-professions/health-human-performance/strength-conditioning/,200,OK,200,361,,2026-05-08T07:46:01.349Z
https://findlayedu.wpenginepowered.com/academics/health-professions/health-human-performance/wellness-exercise-promotion/,200,OK,200,297,,2026-05-08T07:46:02.512Z
https://findlayedu.wpenginepowered.com/academics/health-professions/health-informatics-ma/,200,OK,200,353,,2026-05-08T07:46:03.611Z
https://findlayedu.wpenginepowered.com/academics/health-professions/health-informatics-ma/accreditation/,200,OK,200,324,,2026-05-08T07:46:04.765Z
https://findlayedu.wpenginepowered.com/academics/health-professions/health-informatics-ma/on-campus-health-informatics/,200,OK,200,297,,2026-05-08T07:46:05.890Z
https://findlayedu.wpenginepowered.com/academics/health-professions/health-studies/,200,OK,200,281,,2026-05-08T07:46:06.988Z
https://findlayedu.wpenginepowered.com/academics/health-professions/medical-laboratory-science/,200,OK,200,286,,2026-05-08T07:46:08.072Z
https://findlayedu.wpenginepowered.com/academics/health-professions/nuclear-medicine/,200,OK,200,282,,2026-05-08T07:46:09.160Z
https://findlayedu.wpenginepowered.com/academics/health-professions/nuclear-medicine/accreditation/,200,OK,200,374,,2026-05-08T07:46:10.244Z
https://findlayedu.wpenginepowered.com/academics/health-professions/nuclear-medicine/heoa-compliance/,200,OK,200,326,,2026-05-08T07:46:11.419Z
https://findlayedu.wpenginepowered.com/academics/health-professions/nuclear-medicine/nuclear-medicine-technology/,200,OK,200,277,,2026-05-08T07:46:12.545Z
https://findlayedu.wpenginepowered.com/academics/health-professions/nursing/,200,OK,200,313,,2026-05-08T07:46:13.623Z
https://findlayedu.wpenginepowered.com/academics/health-professions/nursing/accreditation-approval/,200,OK,200,398,,2026-05-08T07:46:14.737Z
https://findlayedu.wpenginepowered.com/academics/health-professions/occupational-therapy/,200,OK,200,278,,2026-05-08T07:46:15.937Z
https://findlayedu.wpenginepowered.com/academics/health-professions/occupational-therapy/doctor-of-occupational-therapy/,200,OK,200,361,,2026-05-08T07:46:17.016Z
https://findlayedu.wpenginepowered.com/academics/health-professions/occupational-therapy/weekend-masters-program/,200,OK,200,276,,2026-05-08T07:46:18.179Z
https://findlayedu.wpenginepowered.com/academics/health-professions/occupational-therapy/weekend-program/,200,OK,200,281,,2026-05-08T07:46:19.257Z
https://findlayedu.wpenginepowered.com/academics/health-professions/pediatric-healthcare-series/,200,OK,200,356,,2026-05-08T07:46:20.339Z
https://findlayedu.wpenginepowered.com/academics/health-professions/physical-therapy/,200,OK,200,283,,2026-05-08T07:46:21.497Z
https://findlayedu.wpenginepowered.com/academics/health-professions/physical-therapy/accreditation/,200,OK,200,276,,2026-05-08T07:46:22.581Z
https://findlayedu.wpenginepowered.com/academics/health-professions/physical-therapy/bridge-program/,200,OK,200,352,,2026-05-08T07:46:23.658Z
https://findlayedu.wpenginepowered.com/academics/health-professions/physical-therapy/early-assurance/,200,OK,200,274,,2026-05-08T07:46:24.812Z
https://findlayedu.wpenginepowered.com/academics/health-professions/physical-therapy/junior-admit/,200,OK,200,295,,2026-05-08T07:46:25.888Z
https://findlayedu.wpenginepowered.com/academics/health-professions/physical-therapy/traditional-program/,200,OK,200,276,,2026-05-08T07:46:26.985Z
https://findlayedu.wpenginepowered.com/academics/health-professions/physical-therapy/weekend-pta-to-dpt-bridge-program/,200,OK,200,386,,2026-05-08T07:46:28.062Z
https://findlayedu.wpenginepowered.com/academics/health-professions/physician-assistant-ma/,200,OK,200,277,,2026-05-08T07:46:29.248Z
https://findlayedu.wpenginepowered.com/academics/health-professions/physician-assistant-ma/accreditation/,200,OK,200,387,,2026-05-08T07:46:30.326Z
https://findlayedu.wpenginepowered.com/academics/health-professions/social-work/,200,OK,200,282,,2026-05-08T07:46:31.514Z
https://findlayedu.wpenginepowered.com/academics/health-professions/social-work/accreditation/,200,OK,200,297,,2026-05-08T07:46:32.597Z
https://findlayedu.wpenginepowered.com/academics/health-professions/sonography/,200,OK,200,276,,2026-05-08T07:46:33.694Z
https://findlayedu.wpenginepowered.com/academics/health-professions/sonography/accreditationapprovals/,200,OK,200,288,,2026-05-08T07:46:34.772Z
https://findlayedu.wpenginepowered.com/academics/health-professions/sonography/diagnostic-medical-sonography/,200,OK,200,359,,2026-05-08T07:46:35.861Z
https://findlayedu.wpenginepowered.com/academics/health-professions/sonography/echocardiography/,200,OK,200,279,,2026-05-08T07:46:37.022Z
https://findlayedu.wpenginepowered.com/academics/honors/,200,OK,200,273,,2026-05-08T07:46:38.103Z
https://findlayedu.wpenginepowered.com/academics/honors/honors-benefits/,200,OK,200,317,,2026-05-08T07:46:39.180Z
https://findlayedu.wpenginepowered.com/academics/honors/honors-program-degree-plan/,200,OK,200,302,,2026-05-08T07:46:40.299Z
https://findlayedu.wpenginepowered.com/academics/programs/,200,OK,200,346,,2026-05-08T07:46:41.402Z
https://findlayedu.wpenginepowered.com/academics/programs/associate/,200,OK,200,326,,2026-05-08T07:46:42.549Z
https://findlayedu.wpenginepowered.com/academics/programs/graduate/,200,OK,200,328,,2026-05-08T07:46:43.675Z
https://findlayedu.wpenginepowered.com/academics/undergraduate/minors/,200,OK,200,322,,2026-05-08T07:46:44.805Z
https://findlayedu.wpenginepowered.com/academics/programs/undergraduate/,200,OK,200,326,,2026-05-08T07:46:45.928Z
https://findlayedu.wpenginepowered.com/about/offices/academic-affairs/,200,OK,200,335,,2026-05-08T07:46:47.055Z
https://findlayedu.wpenginepowered.com/campus-life/academic-support/,200,OK,200,315,,2026-05-08T07:46:48.191Z
https://findlayedu.wpenginepowered.com/campus-life/academic-support/tutoring-faq/,200,OK,200,419,,2026-05-08T07:46:49.309Z
https://findlayedu.wpenginepowered.com/about/offices/center-teaching-excellence/,200,OK,200,285,,2026-05-08T07:46:50.530Z
https://findlayedu.wpenginepowered.com/about/offices/center-teaching-excellence/cte-events/,200,OK,200,397,,2026-05-08T07:46:51.616Z
https://findlayedu.wpenginepowered.com/about/offices/center-teaching-excellence/programs/,200,OK,200,403,,2026-05-08T07:46:52.813Z
https://findlayedu.wpenginepowered.com/about/offices/commencement/,200,OK,200,280,,2026-05-08T07:46:54.018Z
https://findlayedu.wpenginepowered.com/about/offices/final-exam-schedules/,200,OK,200,398,,2026-05-08T07:46:55.099Z
https://findlayedu.wpenginepowered.com/academics/symposium/founder-award/,200,OK,200,275,,2026-05-08T07:46:56.298Z
https://findlayedu.wpenginepowered.com/academics/study-abroad/scholarships/,200,OK,200,297,,2026-05-08T07:46:57.373Z
https://findlayedu.wpenginepowered.com/academics/academic-experience/study-abroad/,200,OK,301→200,1094,,2026-05-08T07:46:58.470Z
https://findlayedu.wpenginepowered.com/academics/symposium/oral-presentation/,200,OK,200,325,,2026-05-08T07:47:00.367Z
https://findlayedu.wpenginepowered.com/academics/symposium/performance-demonstration/,200,OK,200,326,,2026-05-08T07:47:01.493Z
https://findlayedu.wpenginepowered.com/academics/symposium/poster-presentation/,200,OK,200,275,,2026-05-08T07:47:02.620Z
https://findlayedu.wpenginepowered.com/academics/symposium/posterdesignprinting/,200,OK,200,284,,2026-05-08T07:47:03.697Z
https://findlayedu.wpenginepowered.com/about/offices/registrar/,200,OK,200,287,,2026-05-08T07:47:04.782Z
https://findlayedu.wpenginepowered.com/about/offices/registrar/advising-information/,200,OK,200,402,,2026-05-08T07:47:05.871Z
https://findlayedu.wpenginepowered.com/about/offices/registrar/ap-clep-proficiency-examinations-international-baccalaureate/,200,OK,200,403,,2026-05-08T07:47:07.074Z
https://findlayedu.wpenginepowered.com/about/offices/registrar/class-roster/,200,OK,200,400,,2026-05-08T07:47:08.277Z
https://findlayedu.wpenginepowered.com/about/offices/registrar/completion-graduation-and-transfer-out-rates/,200,OK,200,286,,2026-05-08T07:47:09.479Z
https://findlayedu.wpenginepowered.com/about/offices/registrar/completion-graduation-and-transfer-rates-student-athletes/,200,OK,200,282,,2026-05-08T07:47:10.567Z
https://findlayedu.wpenginepowered.com/about/offices/registrar/course-combination-form/,200,OK,200,402,,2026-05-08T07:47:11.650Z
https://findlayedu.wpenginepowered.com/about/offices/registrar/diploma-replacement/,200,OK,200,402,,2026-05-08T07:47:12.853Z
https://findlayedu.wpenginepowered.com/about/offices/registrar/eligibility-information/,200,OK,200,461,,2026-05-08T07:47:14.057Z
https://findlayedu.wpenginepowered.com/about/offices/registrar/faculty-evaluations-policy/,200,OK,200,425,,2026-05-08T07:47:15.320Z
https://findlayedu.wpenginepowered.com/about/offices/registrar/frequently-asked-questions/,200,OK,200,385,,2026-05-08T07:47:16.547Z
https://findlayedu.wpenginepowered.com/about/offices/registrar/loan-deferment/,200,OK,200,468,,2026-05-08T07:47:17.734Z
https://findlayedu.wpenginepowered.com/about/offices/registrar/majors-minors-degrees/,200,OK,200,415,,2026-05-08T07:47:19.004Z
https://findlayedu.wpenginepowered.com/about/offices/registrar/registration-procedure/,200,OK,200,387,,2026-05-08T07:47:20.221Z
https://findlayedu.wpenginepowered.com/about/offices/registrar/retention-rates/,200,OK,200,275,,2026-05-08T07:47:21.409Z
https://findlayedu.wpenginepowered.com/about/offices/registrar/student-rights-and-responsibilities/,200,OK,200,429,,2026-05-08T07:47:22.485Z
https://findlayedu.wpenginepowered.com/about/offices/registrar/transcripts/,200,OK,200,279,,2026-05-08T07:47:23.715Z
https://findlayedu.wpenginepowered.com/about/offices/registrar/transfer-and-transient-student-information/,200,OK,200,379,,2026-05-08T07:47:24.796Z
https://findlayedu.wpenginepowered.com/about/offices/registrar/transfer-credit-policies-and-articulation-agreements/,200,OK,200,284,,2026-05-08T07:47:25.976Z
https://findlayedu.wpenginepowered.com/about/offices/registrar/transient-coursework/,200,OK,200,407,,2026-05-08T07:47:27.061Z
https://findlayedu.wpenginepowered.com/academics/shafer-library/,200,OK,200,274,,2026-05-08T07:47:28.270Z
https://findlayedu.wpenginepowered.com/academics/shafer-library/alumni-community/,200,OK,200,275,,2026-05-08T07:47:29.345Z
https://findlayedu.wpenginepowered.com/academics/shafer-library/article-request-form/,200,OK,200,377,,2026-05-08T07:47:30.422Z
https://findlayedu.wpenginepowered.com/academics/shafer-library/book-request-form/,200,OK,200,284,,2026-05-08T07:47:31.600Z
https://findlayedu.wpenginepowered.com/academics/shafer-library/borrowing-library-materials/,200,OK,200,2826,,2026-05-08T07:47:32.684Z
https://findlayedu.wpenginepowered.com/academics/shafer-library/current-students/,200,OK,200,328,,2026-05-08T07:47:36.311Z
https://findlayedu.wpenginepowered.com/academics/shafer-library/computers-technology/,200,OK,200,357,,2026-05-08T07:47:37.440Z
https://findlayedu.wpenginepowered.com/academics/shafer-library/find-articles/,200,OK,200,290,,2026-05-08T07:47:38.597Z
https://findlayedu.wpenginepowered.com/academics/shafer-library/find-books/,200,OK,200,274,,2026-05-08T07:47:39.688Z
https://findlayedu.wpenginepowered.com/academics/shafer-library/group-study-room-policy/,200,OK,200,280,,2026-05-08T07:47:40.763Z
https://findlayedu.wpenginepowered.com/academics/shafer-library/hours/,200,OK,200,321,,2026-05-08T07:47:41.844Z
https://findlayedu.wpenginepowered.com/academics/shafer-library/information-literacy-instruction/,200,OK,200,278,,2026-05-08T07:47:42.965Z
https://findlayedu.wpenginepowered.com/academics/shafer-library/libraries-collections/,200,OK,200,373,,2026-05-08T07:47:44.044Z
https://findlayedu.wpenginepowered.com/academics/shafer-library/library-instruction-request-form/,200,OK,200,283,,2026-05-08T07:47:45.219Z
https://findlayedu.wpenginepowered.com/academics/shafer-library/request-research-appointment-form/,200,OK,200,274,,2026-05-08T07:47:46.303Z
https://findlayedu.wpenginepowered.com/academics/shafer-library/requesting-articles-books-policy/,200,OK,200,286,,2026-05-08T07:47:47.379Z
https://findlayedu.wpenginepowered.com/academics/shafer-library/research-help/,200,OK,200,355,,2026-05-08T07:47:48.466Z
https://findlayedu.wpenginepowered.com/academics/shafer-library/study-spaces/,200,OK,200,324,,2026-05-08T07:47:49.623Z
https://findlayedu.wpenginepowered.com/academics/shafer-library/teacher-resource-center/,200,OK,200,274,,2026-05-08T07:47:50.749Z
https://findlayedu.wpenginepowered.com/academics/shafer-library/university-archives/,200,OK,200,376,,2026-05-08T07:47:51.824Z
https://findlayedu.wpenginepowered.com/academics/symposium/committee/,200,OK,200,330,,2026-05-08T07:47:53.001Z
https://findlayedu.wpenginepowered.com/academics/academic-experience/symposium/,200,OK,301→200,1164,,2026-05-08T07:47:54.132Z
https://findlayedu.wpenginepowered.com/academics/writing-center/,200,OK,200,273,,2026-05-08T07:47:56.098Z
https://findlayedu.wpenginepowered.com/admissions-aid/families/homecoming/,200,OK,200,353,,2026-05-08T07:47:57.172Z
https://findlayedu.wpenginepowered.com/about/offices/business-affairs/,200,OK,200,326,,2026-05-08T07:47:58.326Z
https://findlayedu.wpenginepowered.com/about/offices/business-services/,200,OK,200,286,,2026-05-08T07:47:59.453Z
https://findlayedu.wpenginepowered.com/about/offices/facilities-services/,200,OK,200,384,,2026-05-08T07:48:00.540Z
https://findlayedu.wpenginepowered.com/about/offices/human-resources/,200,OK,200,275,,2026-05-08T07:48:01.725Z
https://findlayedu.wpenginepowered.com/about/offices/human-resources/employee-recognition/,200,OK,200,390,,2026-05-08T07:48:02.800Z
https://findlayedu.wpenginepowered.com/about/offices/human-resources/employee-resources/,200,OK,200,394,,2026-05-08T07:48:03.991Z
https://findlayedu.wpenginepowered.com/about/offices/human-resources/fringe-benefits/,200,OK,200,361,,2026-05-08T07:48:05.186Z
https://findlayedu.wpenginepowered.com/about/offices/human-resources/open-positions/,200,OK,200,393,,2026-05-08T07:48:06.349Z
https://findlayedu.wpenginepowered.com/about/offices/human-resources/student-employment/,200,OK,200,396,,2026-05-08T07:48:07.543Z
https://findlayedu.wpenginepowered.com/about/offices/human-resources/student-employment/federalworkstudy/,200,OK,200,393,,2026-05-08T07:48:08.740Z
https://findlayedu.wpenginepowered.com/about/offices/human-resources/student-employment/student-employee-of-the-year/,200,OK,200,422,,2026-05-08T07:48:09.935Z
https://findlayedu.wpenginepowered.com/about/offices/human-resources/student-employment/student-employment-faq/,200,OK,200,396,,2026-05-08T07:48:11.158Z
https://findlayedu.wpenginepowered.com/about/offices/human-resources/student-employment/student-employment-job-fair/,200,OK,200,280,,2026-05-08T07:48:12.355Z
https://findlayedu.wpenginepowered.com/about/offices/human-resources/student-employment/student-employment-week/,200,OK,200,388,,2026-05-08T07:48:13.436Z
https://findlayedu.wpenginepowered.com/about/offices/human-resources/student-employment/supervisor-of-the-year/,200,OK,200,407,,2026-05-08T07:48:14.626Z
https://findlayedu.wpenginepowered.com/about/offices/human-resources/student-employment/tuition-exchange-program/,200,OK,200,437,,2026-05-08T07:48:15.834Z
https://findlayedu.wpenginepowered.com/about/offices/human-resources/student-employment/tuition-remission-application/,200,OK,200,449,,2026-05-08T07:48:17.072Z
https://findlayedu.wpenginepowered.com/about/offices/human-resources/student-employment/uf-partners/,200,OK,200,504,,2026-05-08T07:48:18.322Z
https://findlayedu.wpenginepowered.com/about/offices/postal-services/,200,OK,200,426,,2026-05-08T07:48:19.627Z
https://findlayedu.wpenginepowered.com/about/offices/postal-services/addressing-mail-to-your-students/,200,OK,200,426,,2026-05-08T07:48:20.854Z
https://findlayedu.wpenginepowered.com/about/offices/print-services/,200,OK,200,430,,2026-05-08T07:48:22.081Z
https://findlayedu.wpenginepowered.com/about/offices/print-services/list-of-services/,200,OK,200,428,,2026-05-08T07:48:23.312Z
https://findlayedu.wpenginepowered.com/about/offices/print-services/poster-request/,200,OK,200,395,,2026-05-08T07:48:24.541Z
https://findlayedu.wpenginepowered.com/about/offices/bookstore/,200,OK,200,299,,2026-05-08T07:48:25.737Z
https://findlayedu.wpenginepowered.com/about/offices/bookstore/oiler-day-one/,200,OK,200,280,,2026-05-08T07:48:26.837Z
https://findlayedu.wpenginepowered.com/about/offices/student-accounts/,200,OK,200,429,,2026-05-08T07:48:27.918Z
https://findlayedu.wpenginepowered.com/about/offices/student-accounts/graduate-charges/,200,OK,200,353,,2026-05-08T07:48:29.148Z
https://findlayedu.wpenginepowered.com/about/offices/student-accounts/housing-and-food-rates/,200,OK,200,501,,2026-05-08T07:48:30.303Z
https://findlayedu.wpenginepowered.com/about/offices/student-accounts/how-to-pay/,200,OK,200,402,,2026-05-08T07:48:31.606Z
https://findlayedu.wpenginepowered.com/about/offices/student-accounts/payment-plans/,200,OK,200,389,,2026-05-08T07:48:32.809Z
https://findlayedu.wpenginepowered.com/about/offices/student-accounts/professional-programs-tuition/,200,OK,200,492,,2026-05-08T07:48:33.999Z
https://findlayedu.wpenginepowered.com/about/offices/student-accounts/tuition-adjustments-refund/,200,OK,200,328,,2026-05-08T07:48:35.292Z
https://findlayedu.wpenginepowered.com/about/offices/student-accounts/undergraduate-charges/,200,OK,200,290,,2026-05-08T07:48:36.422Z
https://findlayedu.wpenginepowered.com/about/offices/its/,200,OK,200,356,,2026-05-08T07:48:37.514Z
https://findlayedu.wpenginepowered.com/about/offices/its/computer-recommendations/,200,OK,200,380,,2026-05-08T07:48:38.671Z
https://findlayedu.wpenginepowered.com/about/offices/its/mfafaq/,200,OK,200,304,,2026-05-08T07:48:39.852Z
https://findlayedu.wpenginepowered.com/about/offices/accessibility/,200,OK,200,293,,2026-05-08T07:48:40.957Z
https://findlayedu.wpenginepowered.com/about/offices/accessibility/accommodation-policies/,200,OK,200,325,,2026-05-08T07:48:42.051Z
https://findlayedu.wpenginepowered.com/about/offices/accessibility/faq/,200,OK,200,289,,2026-05-08T07:48:43.178Z
https://findlayedu.wpenginepowered.com/about/offices/accessibility/parents/,200,OK,200,987,,2026-05-08T07:48:44.268Z
https://findlayedu.wpenginepowered.com/about/offices/accessibility/services/,200,OK,200,313,,2026-05-08T07:48:46.056Z
https://findlayedu.wpenginepowered.com/about/offices/accessibility/testing-center/,200,OK,200,298,,2026-05-08T07:48:47.170Z
https://findlayedu.wpenginepowered.com/about/offices/leadership-development/,200,OK,200,358,,2026-05-08T07:48:48.269Z
https://findlayedu.wpenginepowered.com/campus-life/campus-ministries/,200,OK,200,281,,2026-05-08T07:48:49.428Z
https://findlayedu.wpenginepowered.com/campus-life/campus-ministries/the-well/,200,OK,200,470,,2026-05-08T07:48:50.513Z
https://findlayedu.wpenginepowered.com/about/offices/civil-rights/,200,OK,200,328,,2026-05-08T07:48:51.785Z
https://findlayedu.wpenginepowered.com/about/offices/civil-rights/confidential-resources/,200,OK,200,410,,2026-05-08T07:48:52.914Z
https://findlayedu.wpenginepowered.com/about/offices/civil-rights/education-and-outreach/,200,OK,200,450,,2026-05-08T07:48:54.125Z
https://findlayedu.wpenginepowered.com/about/offices/civil-rights/employee-resources/,200,OK,200,384,,2026-05-08T07:48:55.377Z
https://findlayedu.wpenginepowered.com/about/offices/civil-rights/know-your-rights/,200,OK,200,404,,2026-05-08T07:48:56.562Z
https://findlayedu.wpenginepowered.com/about/offices/civil-rights/lgbt-initiatives/,200,OK,200,582,,2026-05-08T07:48:57.768Z
https://findlayedu.wpenginepowered.com/about/offices/civil-rights/lgbt-initiatives/lgbt-links/,200,OK,200,431,,2026-05-08T07:48:59.151Z
https://findlayedu.wpenginepowered.com/about/offices/civil-rights/lgbt-initiatives/safe-zone-allies/,200,OK,200,385,,2026-05-08T07:49:00.382Z
https://findlayedu.wpenginepowered.com/about/offices/civil-rights/lgbtq-resources/,200,OK,200,471,,2026-05-08T07:49:01.568Z
https://findlayedu.wpenginepowered.com/about/offices/civil-rights/make-a-report/,200,OK,200,425,,2026-05-08T07:49:02.840Z
https://findlayedu.wpenginepowered.com/about/offices/civil-rights/minors-on-campus/,200,OK,200,875,,2026-05-08T07:49:04.068Z
https://findlayedu.wpenginepowered.com/about/offices/civil-rights/mission/,200,OK,200,407,,2026-05-08T07:49:05.743Z
https://findlayedu.wpenginepowered.com/about/offices/civil-rights/non-discrimination/,200,OK,200,311,,2026-05-08T07:49:06.952Z
https://findlayedu.wpenginepowered.com/about/offices/civil-rights/pregnancy-and-parenting/,200,OK,200,527,,2026-05-08T07:49:08.064Z
https://findlayedu.wpenginepowered.com/about/offices/civil-rights/religious-accommodation/,200,OK,200,396,,2026-05-08T07:49:09.392Z
https://findlayedu.wpenginepowered.com/about/offices/civil-rights/report/,200,OK,200,393,,2026-05-08T07:49:10.588Z
https://findlayedu.wpenginepowered.com/about/offices/civil-rights/serious-misconduct-disclosure/,200,OK,200,273,,2026-05-08T07:49:11.782Z
https://findlayedu.wpenginepowered.com/about/offices/civil-rights/team-training-material/,200,OK,200,403,,2026-05-08T07:49:12.857Z
https://findlayedu.wpenginepowered.com/about/offices/civil-rights/title_ix_coordinator/,200,OK,200,469,,2026-05-08T07:49:14.060Z
https://findlayedu.wpenginepowered.com/about/offices/civil-rights/title-ix-policy/,200,OK,200,401,,2026-05-08T07:49:15.330Z
https://findlayedu.wpenginepowered.com/campus-life/counseling/,200,OK,200,352,,2026-05-08T07:49:16.532Z
https://findlayedu.wpenginepowered.com/campus-life/counseling/in-an-emergency/,200,OK,200,317,,2026-05-08T07:49:17.687Z
https://findlayedu.wpenginepowered.com/campus-life/counseling/services/,200,OK,200,436,,2026-05-08T07:49:18.804Z
https://findlayedu.wpenginepowered.com/campus-life/dining/,200,OK,200,341,,2026-05-08T07:49:20.042Z
https://findlayedu.wpenginepowered.com/campus-life/dining/catering-office/,200,OK,200,284,,2026-05-08T07:49:21.185Z
https://findlayedu.wpenginepowered.com/campus-life/dining/frequently-asked-questions/,200,OK,200,458,,2026-05-08T07:49:22.270Z
https://findlayedu.wpenginepowered.com/campus-life/dining/helping-hands/,200,OK,200,321,,2026-05-08T07:49:23.530Z
https://findlayedu.wpenginepowered.com/campus-life/dining/helping-hands-history/,200,OK,200,423,,2026-05-08T07:49:24.653Z
https://findlayedu.wpenginepowered.com/campus-life/dining/helping-hands-sponsors/,200,OK,200,445,,2026-05-08T07:49:25.877Z
https://findlayedu.wpenginepowered.com/campus-life/dining/mobile-order/,200,OK,200,412,,2026-05-08T07:49:27.123Z
https://findlayedu.wpenginepowered.com/campus-life/dining/nutrition/,200,OK,200,325,,2026-05-08T07:49:28.336Z
https://findlayedu.wpenginepowered.com/campus-life/dining/off-campus-dining/,200,OK,200,429,,2026-05-08T07:49:29.462Z
https://findlayedu.wpenginepowered.com/campus-life/dining/on-campus-dining/,200,OK,200,426,,2026-05-08T07:49:30.692Z
https://findlayedu.wpenginepowered.com/campus-life/dining/resident-dining-plans/,200,OK,200,276,,2026-05-08T07:49:31.920Z
https://findlayedu.wpenginepowered.com/campus-life/health-services/community-health-resources/,200,OK,200,386,,2026-05-08T07:49:32.997Z
https://findlayedu.wpenginepowered.com/campus-life/health-services/recommended-immunizations/,200,OK,200,279,,2026-05-08T07:49:34.184Z
https://findlayedu.wpenginepowered.com/campus-life/health-services/services/,200,OK,200,385,,2026-05-08T07:49:35.265Z
https://findlayedu.wpenginepowered.com/campus-life/housing/,200,OK,200,282,,2026-05-08T07:49:36.451Z
https://findlayedu.wpenginepowered.com/campus-life/housing/apartment-style-housing/,200,OK,200,343,,2026-05-08T07:49:37.534Z
https://findlayedu.wpenginepowered.com/campus-life/housing/bare-residence-hall/,200,OK,200,426,,2026-05-08T07:49:38.679Z
https://findlayedu.wpenginepowered.com/campus-life/housing/become-an-ra/,200,OK,200,384,,2026-05-08T07:49:39.907Z
https://findlayedu.wpenginepowered.com/campus-life/housing/deming-residence-hall/,200,OK,200,389,,2026-05-08T07:49:41.092Z
https://findlayedu.wpenginepowered.com/campus-life/housing/derrick-square/,200,OK,200,386,,2026-05-08T07:49:42.283Z
https://findlayedu.wpenginepowered.com/campus-life/housing/fox-residence-hall/,200,OK,200,446,,2026-05-08T07:49:43.470Z
https://findlayedu.wpenginepowered.com/campus-life/housing/faq/,200,OK,200,402,,2026-05-08T07:49:44.718Z
https://findlayedu.wpenginepowered.com/campus-life/housing/group-housing/,200,OK,200,383,,2026-05-08T07:49:45.921Z
https://findlayedu.wpenginepowered.com/campus-life/housing/lovett-residence-hall/,200,OK,200,417,,2026-05-08T07:49:47.106Z
https://findlayedu.wpenginepowered.com/campus-life/housing/morey-residence-hall/,200,OK,200,393,,2026-05-08T07:49:48.324Z
https://findlayedu.wpenginepowered.com/campus-life/housing/myers-residence-hall/,200,OK,200,379,,2026-05-08T07:49:49.519Z
https://findlayedu.wpenginepowered.com/campus-life/housing/oiler-pointe/,200,OK,200,381,,2026-05-08T07:49:50.699Z
https://findlayedu.wpenginepowered.com/campus-life/housing/residence-halls/,200,OK,200,408,,2026-05-08T07:49:51.881Z
https://findlayedu.wpenginepowered.com/campus-life/housing/cottages/,200,OK,200,426,,2026-05-08T07:49:53.091Z
https://findlayedu.wpenginepowered.com/campus-life/housing/haven-residence-hall/,200,OK,200,374,,2026-05-08T07:49:54.318Z
https://findlayedu.wpenginepowered.com/campus-life/housing/townhouses/,200,OK,200,403,,2026-05-08T07:49:55.493Z
https://findlayedu.wpenginepowered.com/campus-life/housing/village-residence-hall/,200,OK,200,386,,2026-05-08T07:49:56.698Z
https://findlayedu.wpenginepowered.com/campus-life/housing/what-to-bring-to-the-residence-halls/,200,OK,200,283,,2026-05-08T07:49:57.885Z
https://findlayedu.wpenginepowered.com/campus-life/careers/,200,OK,200,271,,2026-05-08T07:49:58.970Z
https://findlayedu.wpenginepowered.com/campus-life/careers/alumni/,200,OK,200,275,,2026-05-08T07:50:00.042Z
https://findlayedu.wpenginepowered.com/campus-life/careers/employers/,200,OK,200,411,,2026-05-08T07:50:01.119Z
https://findlayedu.wpenginepowered.com/campus-life/careers/graduate-students/,200,OK,200,428,,2026-05-08T07:50:02.332Z
https://findlayedu.wpenginepowered.com/campus-life/careers/international-student/,200,OK,200,427,,2026-05-08T07:50:03.562Z
https://findlayedu.wpenginepowered.com/campus-life/careers/internship-listing/,200,OK,200,383,,2026-05-08T07:50:04.791Z
https://findlayedu.wpenginepowered.com/campus-life/careers/internships/,200,OK,200,498,,2026-05-08T07:50:05.975Z
https://findlayedu.wpenginepowered.com/campus-life/careers/job-listing/,200,OK,200,391,,2026-05-08T07:50:07.275Z
https://findlayedu.wpenginepowered.com/campus-life/careers/outcomes-survey/,200,OK,200,283,,2026-05-08T07:50:08.467Z
https://findlayedu.wpenginepowered.com/campus-life/careers/resources/,200,OK,200,480,,2026-05-08T07:50:09.551Z
https://findlayedu.wpenginepowered.com/campus-life/oiler-success-center/academic-advisor-award/,200,OK,200,393,,2026-05-08T07:50:10.836Z
https://findlayedu.wpenginepowered.com/campus-life/student-support/oiler-success-center/career-planning-and-undeclared-major-advising/,200,OK,301→200,1276,,2026-05-08T07:50:12.030Z
https://findlayedu.wpenginepowered.com/campus-life/student-support/oiler-success-center/starfish/,200,OK,301→200,735,,2026-05-08T07:50:14.107Z
https://findlayedu.wpenginepowered.com/campus-life/advising/,200,OK,200,269,,2026-05-08T07:50:15.644Z
https://findlayedu.wpenginepowered.com/campus-life/recreation/,200,OK,200,420,,2026-05-08T07:50:16.714Z
https://findlayedu.wpenginepowered.com/campus-life/recreation/cardio-center/,200,OK,200,287,,2026-05-08T07:50:17.935Z
https://findlayedu.wpenginepowered.com/campus-life/recreation/cardio-center-hours/,200,OK,200,383,,2026-05-08T07:50:19.022Z
https://findlayedu.wpenginepowered.com/campus-life/recreation/club-sports/,200,OK,200,272,,2026-05-08T07:50:20.206Z
https://findlayedu.wpenginepowered.com/campus-life/recreation/exercise-classes/,200,OK,200,294,,2026-05-08T07:50:21.279Z
https://findlayedu.wpenginepowered.com/campus-life/recreation/guest-passes/,200,OK,200,384,,2026-05-08T07:50:22.374Z
https://findlayedu.wpenginepowered.com/campus-life/recreation/hours-of-operation/,200,OK,200,500,,2026-05-08T07:50:23.559Z
https://findlayedu.wpenginepowered.com/campus-life/recreation/intramural-activities/,200,OK,200,432,,2026-05-08T07:50:24.861Z
https://findlayedu.wpenginepowered.com/campus-life/recreation/rules-and-regulations/,200,OK,200,399,,2026-05-08T07:50:26.094Z
https://findlayedu.wpenginepowered.com/about/offices/campus-safety/,200,OK,200,292,,2026-05-08T07:50:27.294Z
https://findlayedu.wpenginepowered.com/about/offices/campus-safety/bicycles/,200,OK,200,382,,2026-05-08T07:50:28.388Z
https://findlayedu.wpenginepowered.com/about/offices/campus-safety/campus-alerts/,200,OK,200,326,,2026-05-08T07:50:29.571Z
https://findlayedu.wpenginepowered.com/about/offices/campus-safety/clery-act-compliance/,200,OK,200,325,,2026-05-08T07:50:30.698Z
https://findlayedu.wpenginepowered.com/about/offices/campus-safety/code-blue-phones/,200,OK,200,324,,2026-05-08T07:50:31.824Z
https://findlayedu.wpenginepowered.com/about/offices/campus-safety/crime-prevention-tips/,200,OK,200,273,,2026-05-08T07:50:32.950Z
https://findlayedu.wpenginepowered.com/about/offices/campus-safety/crime-reporting/,200,OK,200,271,,2026-05-08T07:50:34.024Z
https://findlayedu.wpenginepowered.com/about/offices/campus-safety/crisis-response/,200,OK,200,297,,2026-05-08T07:50:35.096Z
https://findlayedu.wpenginepowered.com/about/offices/campus-safety/parking-on-campus/,200,OK,200,357,,2026-05-08T07:50:36.195Z
https://findlayedu.wpenginepowered.com/about/offices/campus-safety/sex-offender-registry/,200,OK,200,431,,2026-05-08T07:50:37.354Z
https://findlayedu.wpenginepowered.com/about/offices/campus-safety/anti-hazing/,200,OK,200,268,,2026-05-08T07:50:38.586Z
https://findlayedu.wpenginepowered.com/about/offices/campus-safety/anti-hazing-biannual-report/,200,OK,200,321,,2026-05-08T07:50:39.655Z
https://findlayedu.wpenginepowered.com/about/offices/campus-safety/antihazing-definitions/,200,OK,200,264,,2026-05-08T07:50:40.778Z
https://findlayedu.wpenginepowered.com/about/offices/campus-safety/antihazing-reporting/,200,OK,200,349,,2026-05-08T07:50:41.843Z
https://findlayedu.wpenginepowered.com/about/offices/campus-safety/antihazing-support-resources/,200,OK,200,267,,2026-05-08T07:50:42.993Z
https://findlayedu.wpenginepowered.com/campus-life/student-organizations/,200,OK,200,377,,2026-05-08T07:50:44.062Z
https://findlayedu.wpenginepowered.com/campus-life/student-organizations/student-government-association/,200,OK,200,781,,2026-05-08T07:50:45.240Z
https://findlayedu.wpenginepowered.com/campus-life/oiler-success-center/student-success/,200,OK,200,415,,2026-05-08T07:50:46.822Z
https://findlayedu.wpenginepowered.com/academics/online/,200,OK,200,320,,2026-05-08T07:50:48.039Z
https://findlayedu.wpenginepowered.com/academics/online/sample-online-course/,200,OK,200,295,,2026-05-08T07:50:49.160Z
https://findlayedu.wpenginepowered.com/academics/online/what-is-online-learning/,200,OK,200,337,,2026-05-08T07:50:50.256Z
https://findlayedu.wpenginepowered.com/academics/pharmacy/,200,OK,200,282,,2026-05-08T07:50:51.394Z
https://findlayedu.wpenginepowered.com/academics/pharmacy/accreditation/,200,OK,200,357,,2026-05-08T07:50:52.477Z
https://findlayedu.wpenginepowered.com/academics/pharmacy/first-time-freshmen/,200,OK,200,325,,2026-05-08T07:50:53.636Z
https://findlayedu.wpenginepowered.com/academics/pharmacy/pharm-d-mba/,200,OK,200,277,,2026-05-08T07:50:54.763Z
https://findlayedu.wpenginepowered.com/academics/sciences/,200,OK,200,278,,2026-05-08T07:50:55.841Z
https://findlayedu.wpenginepowered.com/academics/sciences/animal-science/,200,OK,200,317,,2026-05-08T07:50:56.920Z
https://findlayedu.wpenginepowered.com/academics/sciences/animal-science/industry/,200,OK,200,278,,2026-05-08T07:50:58.039Z
https://findlayedu.wpenginepowered.com/academics/sciences/animal-science/pre-vet/,200,OK,200,373,,2026-05-08T07:50:59.118Z
https://findlayedu.wpenginepowered.com/academics/sciences/animal-science/science/,200,OK,200,325,,2026-05-08T07:51:00.292Z
https://findlayedu.wpenginepowered.com/academics/sciences/applied-security-analytics-masters/,200,OK,200,325,,2026-05-08T07:51:01.418Z
https://findlayedu.wpenginepowered.com/academics/sciences/applied-security-analytics-masters/masters-applied-security-analytics-on-campus/,200,OK,200,277,,2026-05-08T07:51:02.543Z
https://findlayedu.wpenginepowered.com/academics/sciences/biology/,200,OK,200,271,,2026-05-08T07:51:03.622Z
https://findlayedu.wpenginepowered.com/academics/sciences/chemistry/,200,OK,200,325,,2026-05-08T07:51:04.694Z
https://findlayedu.wpenginepowered.com/academics/sciences/computer-science/,200,OK,200,282,,2026-05-08T07:51:05.820Z
https://findlayedu.wpenginepowered.com/academics/sciences/computer-science/3c-computer-repairs/,200,OK,200,302,,2026-05-08T07:51:06.903Z
https://findlayedu.wpenginepowered.com/academics/sciences/computer-science/business-emphasis/,200,OK,200,267,,2026-05-08T07:51:08.006Z
https://findlayedu.wpenginepowered.com/academics/sciences/computer-science/computer-systems-emphasis/,200,OK,200,348,,2026-05-08T07:51:09.075Z
https://findlayedu.wpenginepowered.com/academics/sciences/computer-science/data-analytics/,200,OK,200,374,,2026-05-08T07:51:10.224Z
https://findlayedu.wpenginepowered.com/academics/sciences/computer-science/information-assurance/,200,OK,200,379,,2026-05-08T07:51:11.399Z
https://findlayedu.wpenginepowered.com/academics/sciences/computer-science/mathematics/,200,OK,200,327,,2026-05-08T07:51:12.579Z
https://findlayedu.wpenginepowered.com/academics/sciences/computer-science/web-and-database-emphasis/,200,OK,200,270,,2026-05-08T07:51:13.708Z
https://findlayedu.wpenginepowered.com/academics/sciences/environmental-masters/,200,OK,200,376,,2026-05-08T07:51:14.779Z
https://findlayedu.wpenginepowered.com/academics/sciences/environmental-masters/bcsp-qualified-academic-program/,200,OK,200,327,,2026-05-08T07:51:15.956Z
https://findlayedu.wpenginepowered.com/academics/sciences/environmental-masters/emergency-and-disaster-management-certificate/,200,OK,200,269,,2026-05-08T07:51:17.085Z
https://findlayedu.wpenginepowered.com/academics/sciences/environmental-masters/environmental-management-certificate/,200,OK,200,381,,2026-05-08T07:51:18.156Z
https://findlayedu.wpenginepowered.com/academics/sciences/environmental-masters/environmental-masters-accreditation/,200,OK,200,299,,2026-05-08T07:51:19.338Z
https://findlayedu.wpenginepowered.com/academics/sciences/environmental-masters/occupational-health-and-safety-management-certificate/,200,OK,200,363,,2026-05-08T07:51:20.439Z
https://findlayedu.wpenginepowered.com/academics/sciences/environmental-sustainability/accreditation/,200,OK,200,321,,2026-05-08T07:51:21.602Z
https://findlayedu.wpenginepowered.com/academics/sciences/environmental-sustainability/bcsp-qualified-academic-program/,200,OK,200,269,,2026-05-08T07:51:22.725Z
https://findlayedu.wpenginepowered.com/academics/sciences/equestrian-studies/,200,OK,200,269,,2026-05-08T07:51:23.795Z
https://findlayedu.wpenginepowered.com/academics/sciences/equestrian-studies/english-equestrian/,200,OK,200,327,,2026-05-08T07:51:24.865Z
https://findlayedu.wpenginepowered.com/academics/sciences/equestrian-studies/western-equestrian/program-overview/,200,OK,200,272,,2026-05-08T07:51:25.992Z
https://findlayedu.wpenginepowered.com/academics/sciences/equine-business-management/,200,OK,200,270,,2026-05-08T07:51:27.065Z
https://findlayedu.wpenginepowered.com/academics/sciences/geology/,200,OK,200,339,,2026-05-08T07:51:28.136Z
https://findlayedu.wpenginepowered.com/academics/sciences/mathematics/,200,OK,200,291,,2026-05-08T07:51:29.276Z
https://findlayedu.wpenginepowered.com/academics/sciences/mathematics/overview/,200,OK,200,365,,2026-05-08T07:51:30.368Z
https://findlayedu.wpenginepowered.com/academics/sciences/physics/,200,OK,200,298,,2026-05-08T07:51:31.535Z
https://findlayedu.wpenginepowered.com/academics/sciences/pre-medicine/,200,OK,200,272,,2026-05-08T07:51:32.634Z
https://findlayedu.wpenginepowered.com/part-time-faculty-directory,200,OK,301→200,1085,,2026-05-08T07:51:33.708Z
https://findlayedu.wpenginepowered.com/admissions-aid/undergraduate-student/,200,OK,200,319,,2026-05-08T07:51:35.595Z
https://findlayedu.wpenginepowered.com/academics/explore-colleges/sciences/equestrian-studies/equine-vet-clinic/,200,OK,301→200,663,,2026-05-08T07:51:36.715Z
