url,path,seo_score,issue_type,issue_severity
https://uof.rt.gw/,/,0.500,SEO_LOW,high
https://uof.rt.gw/about/,/about/,0.660,SEO_NEEDS_IMPROVEMENT,medium
https://uof.rt.gw/about/about-uf/,/about/about-uf/,,NOT_SCANNED,high
https://uof.rt.gw/about/accessibility-statement/,/about/accessibility-statement/,0.580,SEO_LOW,high
https://uof.rt.gw/about/accreditations/,/about/accreditations/,0.660,SEO_NEEDS_IMPROVEMENT,medium
https://uof.rt.gw/about/centers-and-institutes/,/about/centers-and-institutes/,0.580,SEO_LOW,high
https://uof.rt.gw/about/city-of-findlay/,/about/city-of-findlay/,0.660,SEO_NEEDS_IMPROVEMENT,medium
https://uof.rt.gw/about/explore-findlay/,/about/explore-findlay/,,NOT_SCANNED,high
https://uof.rt.gw/about/fast-facts/,/about/fast-facts/,0.660,SEO_NEEDS_IMPROVEMENT,medium
https://uof.rt.gw/about/hea-disclosure/,/about/hea-disclosure/,0.660,SEO_NEEDS_IMPROVEMENT,medium
https://uof.rt.gw/about/history-2/,/about/history-2/,,NOT_SCANNED,high
https://uof.rt.gw/about/history/,/about/history/,0.580,SEO_LOW,high
https://uof.rt.gw/about/history/christian-heritage/,/about/history/christian-heritage/,0.660,SEO_NEEDS_IMPROVEMENT,medium
https://uof.rt.gw/about/history/derrick-the-oiler/,/about/history/derrick-the-oiler/,0.580,SEO_LOW,high
https://uof.rt.gw/about/history/historical-timeline/,/about/history/historical-timeline/,0.580,SEO_LOW,high
https://uof.rt.gw/about/history/history-of-uf-and-cggc/,/about/history/history-of-uf-and-cggc/,0.660,SEO_NEEDS_IMPROVEMENT,medium
https://uof.rt.gw/about/history/traditions/,/about/history/traditions/,0.580,SEO_LOW,high
https://uof.rt.gw/about/institutional-research/,/about/institutional-research/,0.580,SEO_LOW,high
https://uof.rt.gw/about/leadership/,/about/leadership/,0.580,SEO_LOW,high
https://uof.rt.gw/about/leadership/board-of-trustees/,/about/leadership/board-of-trustees/,0.580,SEO_LOW,high
https://uof.rt.gw/about/leadership/cabinet/,/about/leadership/cabinet/,0.580,SEO_LOW,high
https://uof.rt.gw/about/leadership/office-of-the-president/,/about/leadership/office-of-the-president/,0.660,SEO_NEEDS_IMPROVEMENT,medium
https://uof.rt.gw/about/mission-vision/,/about/mission-vision/,0.660,SEO_NEEDS_IMPROVEMENT,medium
https://uof.rt.gw/about/offices-departments/,/about/offices-departments/,0.580,SEO_LOW,high
https://uof.rt.gw/about/offices/,/about/offices/,0.580,SEO_LOW,high
https://uof.rt.gw/about/offices/academic-affairs/,/about/offices/academic-affairs/,0.500,SEO_LOW,high
https://uof.rt.gw/about/offices/accessibility/,/about/offices/accessibility/,0.660,SEO_NEEDS_IMPROVEMENT,medium
https://uof.rt.gw/about/offices/accessibility/accommodation-policies/,/about/offices/accessibility/accommodation-policies/,0.580,SEO_LOW,high
https://uof.rt.gw/about/offices/accessibility/faq/,/about/offices/accessibility/faq/,0.580,SEO_LOW,high
https://uof.rt.gw/about/offices/accessibility/parents/,/about/offices/accessibility/parents/,0.580,SEO_LOW,high
https://uof.rt.gw/about/offices/accessibility/services/,/about/offices/accessibility/services/,0.580,SEO_LOW,high
https://uof.rt.gw/about/offices/accessibility/testing-center/,/about/offices/accessibility/testing-center/,0.580,SEO_LOW,high
https://uof.rt.gw/about/offices/bookstore/,/about/offices/bookstore/,0.660,SEO_NEEDS_IMPROVEMENT,medium
https://uof.rt.gw/about/offices/bookstore/oiler-day-one/,/about/offices/bookstore/oiler-day-one/,0.660,SEO_NEEDS_IMPROVEMENT,medium
https://uof.rt.gw/about/offices/business-affairs/,/about/offices/business-affairs/,0.580,SEO_LOW,high
https://uof.rt.gw/about/offices/business-services/,/about/offices/business-services/,0.580,SEO_LOW,high
https://uof.rt.gw/about/offices/campus-community-engagement/,/about/offices/campus-community-engagement/,0.660,SEO_NEEDS_IMPROVEMENT,medium
https://uof.rt.gw/about/offices/campus-community-engagement/faq/,/about/offices/campus-community-engagement/faq/,0.660,SEO_NEEDS_IMPROVEMENT,medium
https://uof.rt.gw/about/offices/campus-community-engagement/serve/,/about/offices/campus-community-engagement/serve/,0.580,SEO_LOW,high
https://uof.rt.gw/about/offices/campus-community-engagement/service-grant/,/about/offices/campus-community-engagement/service-grant/,0.660,SEO_NEEDS_IMPROVEMENT,medium
https://uof.rt.gw/about/offices/campus-safety/,/about/offices/campus-safety/,0.660,SEO_NEEDS_IMPROVEMENT,medium
https://uof.rt.gw/about/offices/campus-safety/anti-hazing-biannual-report/,/about/offices/campus-safety/anti-hazing-biannual-report/,0.580,SEO_LOW,high
https://uof.rt.gw/about/offices/campus-safety/anti-hazing/,/about/offices/campus-safety/anti-hazing/,0.500,SEO_LOW,high
https://uof.rt.gw/about/offices/campus-safety/antihazing-definitions/,/about/offices/campus-safety/antihazing-definitions/,0.580,SEO_LOW,high
https://uof.rt.gw/about/offices/campus-safety/antihazing-reporting/,/about/offices/campus-safety/antihazing-reporting/,0.500,SEO_LOW,high
https://uof.rt.gw/about/offices/campus-safety/antihazing-support-resources/,/about/offices/campus-safety/antihazing-support-resources/,0.580,SEO_LOW,high
https://uof.rt.gw/about/offices/campus-safety/bicycles/,/about/offices/campus-safety/bicycles/,0.580,SEO_LOW,high
https://uof.rt.gw/about/offices/campus-safety/campus-alerts/,/about/offices/campus-safety/campus-alerts/,0.580,SEO_LOW,high
https://uof.rt.gw/about/offices/campus-safety/clery-act-compliance/,/about/offices/campus-safety/clery-act-compliance/,0.500,SEO_LOW,high
https://uof.rt.gw/about/offices/campus-safety/code-blue-phones/,/about/offices/campus-safety/code-blue-phones/,0.580,SEO_LOW,high
https://uof.rt.gw/about/offices/campus-safety/crime-prevention-tips/,/about/offices/campus-safety/crime-prevention-tips/,0.580,SEO_LOW,high
https://uof.rt.gw/about/offices/campus-safety/crime-reporting/,/about/offices/campus-safety/crime-reporting/,0.660,SEO_NEEDS_IMPROVEMENT,medium
https://uof.rt.gw/about/offices/campus-safety/crisis-response/,/about/offices/campus-safety/crisis-response/,0.500,SEO_LOW,high
https://uof.rt.gw/about/offices/campus-safety/parking-on-campus/,/about/offices/campus-safety/parking-on-campus/,0.660,SEO_NEEDS_IMPROVEMENT,medium
https://uof.rt.gw/about/offices/campus-safety/sex-offender-registry/,/about/offices/campus-safety/sex-offender-registry/,0.580,SEO_LOW,high
https://uof.rt.gw/about/offices/center-teaching-excellence/,/about/offices/center-teaching-excellence/,0.500,SEO_LOW,high
https://uof.rt.gw/about/offices/center-teaching-excellence/cte-events/,/about/offices/center-teaching-excellence/cte-events/,0.580,SEO_LOW,high
https://uof.rt.gw/about/offices/center-teaching-excellence/programs/,/about/offices/center-teaching-excellence/programs/,0.580,SEO_LOW,high
https://uof.rt.gw/about/offices/civil-rights/,/about/offices/civil-rights/,0.580,SEO_LOW,high
https://uof.rt.gw/about/offices/civil-rights/confidential-resources/,/about/offices/civil-rights/confidential-resources/,0.660,SEO_NEEDS_IMPROVEMENT,medium
https://uof.rt.gw/about/offices/civil-rights/education-and-outreach/,/about/offices/civil-rights/education-and-outreach/,0.660,SEO_NEEDS_IMPROVEMENT,medium
https://uof.rt.gw/about/offices/civil-rights/employee-resources/,/about/offices/civil-rights/employee-resources/,0.660,SEO_NEEDS_IMPROVEMENT,medium
https://uof.rt.gw/about/offices/civil-rights/know-your-rights/,/about/offices/civil-rights/know-your-rights/,0.660,SEO_NEEDS_IMPROVEMENT,medium
https://uof.rt.gw/about/offices/civil-rights/lgbt-initiatives/,/about/offices/civil-rights/lgbt-initiatives/,0.660,SEO_NEEDS_IMPROVEMENT,medium
https://uof.rt.gw/about/offices/civil-rights/lgbt-initiatives/lgbt-links/,/about/offices/civil-rights/lgbt-initiatives/lgbt-links/,0.580,SEO_LOW,high
https://uof.rt.gw/about/offices/civil-rights/lgbt-initiatives/safe-zone-allies/,/about/offices/civil-rights/lgbt-initiatives/safe-zone-allies/,0.580,SEO_LOW,high
https://uof.rt.gw/about/offices/civil-rights/lgbtq-resources/,/about/offices/civil-rights/lgbtq-resources/,0.580,SEO_LOW,high
https://uof.rt.gw/about/offices/civil-rights/make-a-report/,/about/offices/civil-rights/make-a-report/,0.660,SEO_NEEDS_IMPROVEMENT,medium
https://uof.rt.gw/about/offices/civil-rights/minors-on-campus/,/about/offices/civil-rights/minors-on-campus/,0.660,SEO_NEEDS_IMPROVEMENT,medium
https://uof.rt.gw/about/offices/civil-rights/mission/,/about/offices/civil-rights/mission/,0.580,SEO_LOW,high
https://uof.rt.gw/about/offices/civil-rights/non-discrimination/,/about/offices/civil-rights/non-discrimination/,0.580,SEO_LOW,high
https://uof.rt.gw/about/offices/civil-rights/pregnancy-and-parenting/,/about/offices/civil-rights/pregnancy-and-parenting/,0.660,SEO_NEEDS_IMPROVEMENT,medium
https://uof.rt.gw/about/offices/civil-rights/religious-accommodation/,/about/offices/civil-rights/religious-accommodation/,0.500,SEO_LOW,high
https://uof.rt.gw/about/offices/civil-rights/report/,/about/offices/civil-rights/report/,0.580,SEO_LOW,high
https://uof.rt.gw/about/offices/civil-rights/serious-misconduct-disclosure/,/about/offices/civil-rights/serious-misconduct-disclosure/,0.500,SEO_LOW,high
https://uof.rt.gw/about/offices/civil-rights/team-training-material/,/about/offices/civil-rights/team-training-material/,0.500,SEO_LOW,high
https://uof.rt.gw/about/offices/civil-rights/title_ix_coordinator/,/about/offices/civil-rights/title_ix_coordinator/,0.580,SEO_LOW,high
https://uof.rt.gw/about/offices/civil-rights/title-ix-policy/,/about/offices/civil-rights/title-ix-policy/,0.660,SEO_NEEDS_IMPROVEMENT,medium
https://uof.rt.gw/about/offices/commencement/,/about/offices/commencement/,0.660,SEO_NEEDS_IMPROVEMENT,medium
https://uof.rt.gw/about/offices/facilities-services/,/about/offices/facilities-services/,0.660,SEO_NEEDS_IMPROVEMENT,medium
https://uof.rt.gw/about/offices/facilities-services/campus-facilities/,/about/offices/facilities-services/campus-facilities/,0.580,SEO_LOW,high
https://uof.rt.gw/about/offices/facilities-services/classrooms/,/about/offices/facilities-services/classrooms/,0.580,SEO_LOW,high
https://uof.rt.gw/about/offices/facilities-services/meet-our-staff/,/about/offices/facilities-services/meet-our-staff/,0.580,SEO_LOW,high
https://uof.rt.gw/about/offices/facilities-services/meeting-rooms/,/about/offices/facilities-services/meeting-rooms/,0.580,SEO_LOW,high
https://uof.rt.gw/about/offices/facilities-services/rental-rates/,/about/offices/facilities-services/rental-rates/,0.580,SEO_LOW,high
https://uof.rt.gw/about/offices/final-exam-schedules/,/about/offices/final-exam-schedules/,0.580,SEO_LOW,high
https://uof.rt.gw/about/offices/human-resources/,/about/offices/human-resources/,0.580,SEO_LOW,high
https://uof.rt.gw/about/offices/human-resources/employee-recognition/,/about/offices/human-resources/employee-recognition/,0.580,SEO_LOW,high
https://uof.rt.gw/about/offices/human-resources/employee-resources/,/about/offices/human-resources/employee-resources/,0.660,SEO_NEEDS_IMPROVEMENT,medium
https://uof.rt.gw/about/offices/human-resources/fringe-benefits/,/about/offices/human-resources/fringe-benefits/,0.580,SEO_LOW,high
https://uof.rt.gw/about/offices/human-resources/open-positions/,/about/offices/human-resources/open-positions/,0.660,SEO_NEEDS_IMPROVEMENT,medium
https://uof.rt.gw/about/offices/human-resources/sign-your-business-up-for-the-oiler-discount-program/,/about/offices/human-resources/sign-your-business-up-for-the-oiler-discount-program/,,NOT_SCANNED,high
https://uof.rt.gw/about/offices/human-resources/student-employment/,/about/offices/human-resources/student-employment/,0.660,SEO_NEEDS_IMPROVEMENT,medium
https://uof.rt.gw/about/offices/human-resources/student-employment/federalworkstudy/,/about/offices/human-resources/student-employment/federalworkstudy/,0.660,SEO_NEEDS_IMPROVEMENT,medium
https://uof.rt.gw/about/offices/human-resources/student-employment/student-employee-of-the-year/,/about/offices/human-resources/student-employment/student-employee-of-the-year/,0.580,SEO_LOW,high
https://uof.rt.gw/about/offices/human-resources/student-employment/student-employment-faq/,/about/offices/human-resources/student-employment/student-employment-faq/,0.580,SEO_LOW,high
https://uof.rt.gw/about/offices/human-resources/student-employment/student-employment-job-fair/,/about/offices/human-resources/student-employment/student-employment-job-fair/,0.580,SEO_LOW,high
https://uof.rt.gw/about/offices/human-resources/student-employment/student-employment-week/,/about/offices/human-resources/student-employment/student-employment-week/,0.580,SEO_LOW,high
https://uof.rt.gw/about/offices/human-resources/student-employment/supervisor-of-the-year/,/about/offices/human-resources/student-employment/supervisor-of-the-year/,0.580,SEO_LOW,high
https://uof.rt.gw/about/offices/human-resources/student-employment/tuition-exchange-program/,/about/offices/human-resources/student-employment/tuition-exchange-program/,0.660,SEO_NEEDS_IMPROVEMENT,medium
https://uof.rt.gw/about/offices/human-resources/student-employment/tuition-remission-application/,/about/offices/human-resources/student-employment/tuition-remission-application/,0.660,SEO_NEEDS_IMPROVEMENT,medium
https://uof.rt.gw/about/offices/human-resources/student-employment/uf-partners/,/about/offices/human-resources/student-employment/uf-partners/,0.580,SEO_LOW,high
https://uof.rt.gw/about/offices/international-education/,/about/offices/international-education/,0.580,SEO_LOW,high
https://uof.rt.gw/about/offices/its/,/about/offices/its/,0.660,SEO_NEEDS_IMPROVEMENT,medium
https://uof.rt.gw/about/offices/its/computer-recommendations/,/about/offices/its/computer-recommendations/,0.580,SEO_LOW,high
https://uof.rt.gw/about/offices/its/mfafaq/,/about/offices/its/mfafaq/,0.580,SEO_LOW,high
https://uof.rt.gw/about/offices/leadership-development/,/about/offices/leadership-development/,0.660,SEO_NEEDS_IMPROVEMENT,medium
https://uof.rt.gw/about/offices/leadership-development/mlk/,/about/offices/leadership-development/mlk/,0.580,SEO_LOW,high
https://uof.rt.gw/about/offices/postal-services/,/about/offices/postal-services/,0.660,SEO_NEEDS_IMPROVEMENT,medium
https://uof.rt.gw/about/offices/postal-services/addressing-mail-to-your-students/,/about/offices/postal-services/addressing-mail-to-your-students/,0.580,SEO_LOW,high
https://uof.rt.gw/about/offices/print-services/,/about/offices/print-services/,0.580,SEO_LOW,high
https://uof.rt.gw/about/offices/print-services/list-of-services/,/about/offices/print-services/list-of-services/,0.580,SEO_LOW,high
https://uof.rt.gw/about/offices/print-services/poster-request/,/about/offices/print-services/poster-request/,0.580,SEO_LOW,high
https://uof.rt.gw/about/offices/registrar/,/about/offices/registrar/,0.580,SEO_LOW,high
https://uof.rt.gw/about/offices/registrar/advising-information/,/about/offices/registrar/advising-information/,0.660,SEO_NEEDS_IMPROVEMENT,medium
https://uof.rt.gw/about/offices/registrar/ap-clep-proficiency-examinations-international-baccalaureate/,/about/offices/registrar/ap-clep-proficiency-examinations-international-baccalaureate/,0.660,SEO_NEEDS_IMPROVEMENT,medium
https://uof.rt.gw/about/offices/registrar/class-roster/,/about/offices/registrar/class-roster/,0.580,SEO_LOW,high
https://uof.rt.gw/about/offices/registrar/completion-graduation-and-transfer-out-rates/,/about/offices/registrar/completion-graduation-and-transfer-out-rates/,0.660,SEO_NEEDS_IMPROVEMENT,medium
https://uof.rt.gw/about/offices/registrar/completion-graduation-and-transfer-rates-student-athletes/,/about/offices/registrar/completion-graduation-and-transfer-rates-student-athletes/,0.660,SEO_NEEDS_IMPROVEMENT,medium
https://uof.rt.gw/about/offices/registrar/course-combination-form/,/about/offices/registrar/course-combination-form/,0.580,SEO_LOW,high
https://uof.rt.gw/about/offices/registrar/diploma-replacement/,/about/offices/registrar/diploma-replacement/,0.500,SEO_LOW,high
https://uof.rt.gw/about/offices/registrar/eligibility-information/,/about/offices/registrar/eligibility-information/,0.580,SEO_LOW,high
https://uof.rt.gw/about/offices/registrar/faculty-evaluations-policy/,/about/offices/registrar/faculty-evaluations-policy/,0.580,SEO_LOW,high
https://uof.rt.gw/about/offices/registrar/frequently-asked-questions/,/about/offices/registrar/frequently-asked-questions/,0.580,SEO_LOW,high
https://uof.rt.gw/about/offices/registrar/loan-deferment/,/about/offices/registrar/loan-deferment/,0.580,SEO_LOW,high
https://uof.rt.gw/about/offices/registrar/majors-minors-degrees/,/about/offices/registrar/majors-minors-degrees/,0.580,SEO_LOW,high
https://uof.rt.gw/about/offices/registrar/registration-procedure/,/about/offices/registrar/registration-procedure/,0.580,SEO_LOW,high
https://uof.rt.gw/about/offices/registrar/retention-rates/,/about/offices/registrar/retention-rates/,0.660,SEO_NEEDS_IMPROVEMENT,medium
https://uof.rt.gw/about/offices/registrar/student-rights-and-responsibilities/,/about/offices/registrar/student-rights-and-responsibilities/,0.580,SEO_LOW,high
https://uof.rt.gw/about/offices/registrar/transcripts/,/about/offices/registrar/transcripts/,0.660,SEO_NEEDS_IMPROVEMENT,medium
https://uof.rt.gw/about/offices/registrar/transfer-and-transient-student-information/,/about/offices/registrar/transfer-and-transient-student-information/,0.660,SEO_NEEDS_IMPROVEMENT,medium
https://uof.rt.gw/about/offices/registrar/transfer-credit-policies-and-articulation-agreements/,/about/offices/registrar/transfer-credit-policies-and-articulation-agreements/,0.660,SEO_NEEDS_IMPROVEMENT,medium
https://uof.rt.gw/about/offices/registrar/transient-coursework/,/about/offices/registrar/transient-coursework/,0.580,SEO_LOW,high
https://uof.rt.gw/about/offices/student-accounts/,/about/offices/student-accounts/,0.660,SEO_NEEDS_IMPROVEMENT,medium
https://uof.rt.gw/about/offices/student-accounts/graduate-charges/,/about/offices/student-accounts/graduate-charges/,0.660,SEO_NEEDS_IMPROVEMENT,medium
https://uof.rt.gw/about/offices/student-accounts/housing-and-food-rates/,/about/offices/student-accounts/housing-and-food-rates/,0.660,SEO_NEEDS_IMPROVEMENT,medium
https://uof.rt.gw/about/offices/student-accounts/how-to-pay/,/about/offices/student-accounts/how-to-pay/,0.660,SEO_NEEDS_IMPROVEMENT,medium
https://uof.rt.gw/about/offices/student-accounts/payment-plans/,/about/offices/student-accounts/payment-plans/,0.660,SEO_NEEDS_IMPROVEMENT,medium
https://uof.rt.gw/about/offices/student-accounts/professional-programs-tuition/,/about/offices/student-accounts/professional-programs-tuition/,0.580,SEO_LOW,high
https://uof.rt.gw/about/offices/student-accounts/tuition-adjustments-refund/,/about/offices/student-accounts/tuition-adjustments-refund/,0.660,SEO_NEEDS_IMPROVEMENT,medium
https://uof.rt.gw/about/offices/student-accounts/undergraduate-charges/,/about/offices/student-accounts/undergraduate-charges/,0.660,SEO_NEEDS_IMPROVEMENT,medium
https://uof.rt.gw/about/offices/student-affairs/,/about/offices/student-affairs/,0.660,SEO_NEEDS_IMPROVEMENT,medium
https://uof.rt.gw/about/parking-and-transportation/,/about/parking-and-transportation/,0.660,SEO_NEEDS_IMPROVEMENT,medium
https://uof.rt.gw/about/privacy-policy/,/about/privacy-policy/,0.660,SEO_NEEDS_IMPROVEMENT,medium
https://uof.rt.gw/about/state-authorizations/,/about/state-authorizations/,0.660,SEO_NEEDS_IMPROVEMENT,medium
https://uof.rt.gw/about/state-authorizations/education-programs-state-authorizations/,/about/state-authorizations/education-programs-state-authorizations/,0.580,SEO_LOW,high
https://uof.rt.gw/about/state-authorizations/licensure-program-state-authorizations/,/about/state-authorizations/licensure-program-state-authorizations/,0.580,SEO_LOW,high
https://uof.rt.gw/about/state-authorizations/nursing-state-authorizations/,/about/state-authorizations/nursing-state-authorizations/,0.580,SEO_LOW,high
https://uof.rt.gw/about/state-authorizations/pharmacy-state-authorizations/,/about/state-authorizations/pharmacy-state-authorizations/,0.580,SEO_LOW,high
https://uof.rt.gw/about/university-leadership-university-of-findlay/,/about/university-leadership-university-of-findlay/,,NOT_SCANNED,high
https://uof.rt.gw/academics/,/academics/,0.660,SEO_NEEDS_IMPROVEMENT,medium
https://uof.rt.gw/academics/academic-experience/,/academics/academic-experience/,,NOT_SCANNED,high
https://uof.rt.gw/academics/academic-resources/,/academics/academic-resources/,,NOT_SCANNED,high
https://uof.rt.gw/academics/all-hazards-training-center/,/academics/all-hazards-training-center/,,NOT_SCANNED,high
https://uof.rt.gw/academics/business-humanities/,/academics/business-humanities/,0.660,SEO_NEEDS_IMPROVEMENT,medium
https://uof.rt.gw/academics/business-humanities/acbsp/,/academics/business-humanities/acbsp/,0.660,SEO_NEEDS_IMPROVEMENT,medium
https://uof.rt.gw/academics/business-humanities/accounting/,/academics/business-humanities/accounting/,0.660,SEO_NEEDS_IMPROVEMENT,medium
https://uof.rt.gw/academics/business-humanities/art/,/academics/business-humanities/art/,0.580,SEO_LOW,high
https://uof.rt.gw/academics/business-humanities/art/art-major/,/academics/business-humanities/art/art-major/,0.660,SEO_NEEDS_IMPROVEMENT,medium
https://uof.rt.gw/academics/business-humanities/art/art-management/,/academics/business-humanities/art/art-management/,0.660,SEO_NEEDS_IMPROVEMENT,medium
https://uof.rt.gw/academics/business-humanities/art/childrens-book-illustration/,/academics/business-humanities/art/childrens-book-illustration/,0.660,SEO_NEEDS_IMPROVEMENT,medium
https://uof.rt.gw/academics/business-humanities/art/graphic-design/,/academics/business-humanities/art/graphic-design/,0.660,SEO_NEEDS_IMPROVEMENT,medium
https://uof.rt.gw/academics/business-humanities/art/orchestra/,/academics/business-humanities/art/orchestra/,0.580,SEO_LOW,high
https://uof.rt.gw/academics/business-humanities/art/performing-arts/,/academics/business-humanities/art/performing-arts/,0.660,SEO_NEEDS_IMPROVEMENT,medium
https://uof.rt.gw/academics/business-humanities/art/theatre/,/academics/business-humanities/art/theatre/,0.660,SEO_NEEDS_IMPROVEMENT,medium
https://uof.rt.gw/academics/business-humanities/behavioral-sciences/,/academics/business-humanities/behavioral-sciences/,,NOT_SCANNED,high
https://uof.rt.gw/academics/business-humanities/behavioral-sciences/political-science/,/academics/business-humanities/behavioral-sciences/political-science/,,NOT_SCANNED,high
https://uof.rt.gw/academics/business-humanities/behavioral-sciences/psychology/,/academics/business-humanities/behavioral-sciences/psychology/,0.660,SEO_NEEDS_IMPROVEMENT,medium
https://uof.rt.gw/academics/business-humanities/brite-center/,/academics/business-humanities/brite-center/,0.580,SEO_LOW,high
https://uof.rt.gw/academics/business-humanities/business-analytics/,/academics/business-humanities/business-analytics/,0.580,SEO_LOW,high
https://uof.rt.gw/academics/business-humanities/business-management/,/academics/business-humanities/business-management/,0.660,SEO_NEEDS_IMPROVEMENT,medium
https://uof.rt.gw/academics/business-humanities/business-partnerships/,/academics/business-humanities/business-partnerships/,0.580,SEO_LOW,high
https://uof.rt.gw/academics/business-humanities/communication/,/academics/business-humanities/communication/,,NOT_SCANNED,high
https://uof.rt.gw/academics/business-humanities/communication/journalism/,/academics/business-humanities/communication/journalism/,,NOT_SCANNED,high
https://uof.rt.gw/academics/business-humanities/communication/organizational-communication/,/academics/business-humanities/communication/organizational-communication/,,NOT_SCANNED,high
https://uof.rt.gw/academics/business-humanities/communication/public-relations/,/academics/business-humanities/communication/public-relations/,,NOT_SCANNED,high
https://uof.rt.gw/academics/business-humanities/dana-scholars/,/academics/business-humanities/dana-scholars/,0.580,SEO_LOW,high
https://uof.rt.gw/academics/business-humanities/english/,/academics/business-humanities/english/,0.660,SEO_NEEDS_IMPROVEMENT,medium
https://uof.rt.gw/academics/business-humanities/english/english/,/academics/business-humanities/english/english/,0.660,SEO_NEEDS_IMPROVEMENT,medium
https://uof.rt.gw/academics/business-humanities/finance/,/academics/business-humanities/finance/,0.660,SEO_NEEDS_IMPROVEMENT,medium
https://uof.rt.gw/academics/business-humanities/history-law/,/academics/business-humanities/history-law/,,NOT_SCANNED,high
https://uof.rt.gw/academics/business-humanities/history-law/history/,/academics/business-humanities/history-law/history/,,NOT_SCANNED,high
https://uof.rt.gw/academics/business-humanities/history-law/pre-law/,/academics/business-humanities/history-law/pre-law/,0.660,SEO_NEEDS_IMPROVEMENT,medium
https://uof.rt.gw/academics/business-humanities/innovative-competition/,/academics/business-humanities/innovative-competition/,0.660,SEO_NEEDS_IMPROVEMENT,medium
https://uof.rt.gw/academics/business-humanities/justice-sciences/,/academics/business-humanities/justice-sciences/,,NOT_SCANNED,high
https://uof.rt.gw/academics/business-humanities/justice-sciences/criminal-justice/,/academics/business-humanities/justice-sciences/criminal-justice/,0.660,SEO_NEEDS_IMPROVEMENT,medium
https://uof.rt.gw/academics/business-humanities/justice-sciences/forensic-science-biology/,/academics/business-humanities/justice-sciences/forensic-science-biology/,0.580,SEO_LOW,high
https://uof.rt.gw/academics/business-humanities/justice-sciences/forensic-science-chemistry/,/academics/business-humanities/justice-sciences/forensic-science-chemistry/,0.580,SEO_LOW,high
https://uof.rt.gw/academics/business-humanities/language-culture/,/academics/business-humanities/language-culture/,,NOT_SCANNED,high
https://uof.rt.gw/academics/business-humanities/language-culture/american-sign-language/,/academics/business-humanities/language-culture/american-sign-language/,0.580,SEO_LOW,high
https://uof.rt.gw/academics/business-humanities/language-culture/ielp/,/academics/business-humanities/language-culture/ielp/,,NOT_SCANNED,high
https://uof.rt.gw/academics/business-humanities/language-culture/intercultural-studies/,/academics/business-humanities/language-culture/intercultural-studies/,0.580,SEO_LOW,high
https://uof.rt.gw/academics/business-humanities/language-culture/international-studies/,/academics/business-humanities/language-culture/international-studies/,,NOT_SCANNED,high
https://uof.rt.gw/academics/business-humanities/language-culture/japanese/,/academics/business-humanities/language-culture/japanese/,0.660,SEO_NEEDS_IMPROVEMENT,medium
https://uof.rt.gw/academics/business-humanities/language-culture/spanish/,/academics/business-humanities/language-culture/spanish/,,NOT_SCANNED,high
https://uof.rt.gw/academics/business-humanities/language-culture/tesol-ma/,/academics/business-humanities/language-culture/tesol-ma/,0.660,SEO_NEEDS_IMPROVEMENT,medium
https://uof.rt.gw/academics/business-humanities/language-culture/tesol/,/academics/business-humanities/language-culture/tesol/,0.660,SEO_NEEDS_IMPROVEMENT,medium
https://uof.rt.gw/academics/business-humanities/lea-gallery/,/academics/business-humanities/lea-gallery/,0.660,SEO_NEEDS_IMPROVEMENT,medium
https://uof.rt.gw/academics/business-humanities/marketing/,/academics/business-humanities/marketing/,0.660,SEO_NEEDS_IMPROVEMENT,medium
https://uof.rt.gw/academics/business-humanities/mba/,/academics/business-humanities/mba/,0.660,SEO_NEEDS_IMPROVEMENT,medium
https://uof.rt.gw/academics/business-humanities/mba/business-analytics-concentration/,/academics/business-humanities/mba/business-analytics-concentration/,0.580,SEO_LOW,high
https://uof.rt.gw/academics/business-humanities/mba/cma/,/academics/business-humanities/mba/cma/,0.660,SEO_NEEDS_IMPROVEMENT,medium
https://uof.rt.gw/academics/business-humanities/mba/cpa/,/academics/business-humanities/mba/cpa/,0.660,SEO_NEEDS_IMPROVEMENT,medium
https://uof.rt.gw/academics/business-humanities/mba/mba-accreditation/,/academics/business-humanities/mba/mba-accreditation/,0.580,SEO_LOW,high
https://uof.rt.gw/academics/business-humanities/online-organizational-leadership/,/academics/business-humanities/online-organizational-leadership/,0.580,SEO_LOW,high
https://uof.rt.gw/academics/business-humanities/professional-communication/,/academics/business-humanities/professional-communication/,0.660,SEO_NEEDS_IMPROVEMENT,medium
https://uof.rt.gw/academics/business-humanities/religious-studies/,/academics/business-humanities/religious-studies/,0.660,SEO_NEEDS_IMPROVEMENT,medium
https://uof.rt.gw/academics/business-humanities/religious-studies/ethics-bowl/,/academics/business-humanities/religious-studies/ethics-bowl/,0.580,SEO_LOW,high
https://uof.rt.gw/academics/business-humanities/religious-studies/philosophy/,/academics/business-humanities/religious-studies/philosophy/,0.660,SEO_NEEDS_IMPROVEMENT,medium
https://uof.rt.gw/academics/business-humanities/religious-studies/religious-studies/,/academics/business-humanities/religious-studies/religious-studies/,0.580,SEO_LOW,high
https://uof.rt.gw/academics/business-humanities/rhetoric/,/academics/business-humanities/rhetoric/,0.660,SEO_NEEDS_IMPROVEMENT,medium
https://uof.rt.gw/academics/business-humanities/sport-business-strategy/,/academics/business-humanities/sport-business-strategy/,0.660,SEO_NEEDS_IMPROVEMENT,medium
https://uof.rt.gw/academics/business-humanities/student-achievement/,/academics/business-humanities/student-achievement/,0.580,SEO_LOW,high
https://uof.rt.gw/academics/core/,/academics/core/,0.580,SEO_LOW,high
https://uof.rt.gw/academics/course-catalog/,/academics/course-catalog/,0.580,SEO_LOW,high
https://uof.rt.gw/academics/education/,/academics/education/,0.660,SEO_NEEDS_IMPROVEMENT,medium
https://uof.rt.gw/academics/education/accreditations/,/academics/education/accreditations/,0.660,SEO_NEEDS_IMPROVEMENT,medium
https://uof.rt.gw/academics/education/adolescent-young-adult-2/,/academics/education/adolescent-young-adult-2/,0.660,SEO_NEEDS_IMPROVEMENT,medium
https://uof.rt.gw/academics/education/adolescent-young-adult-language-arts/,/academics/education/adolescent-young-adult-language-arts/,0.580,SEO_LOW,high
https://uof.rt.gw/academics/education/adolescent-young-adult-life-science/,/academics/education/adolescent-young-adult-life-science/,0.580,SEO_LOW,high
https://uof.rt.gw/academics/education/adolescent-young-adult-mathematics/,/academics/education/adolescent-young-adult-mathematics/,0.580,SEO_LOW,high
https://uof.rt.gw/academics/education/adolescent-young-adult-science/,/academics/education/adolescent-young-adult-science/,0.580,SEO_LOW,high
https://uof.rt.gw/academics/education/adolescent-young-adult-social-studies/,/academics/education/adolescent-young-adult-social-studies/,0.500,SEO_LOW,high
https://uof.rt.gw/academics/education/adolescent-young-adult/,/academics/education/adolescent-young-adult/,0.500,SEO_LOW,high
https://uof.rt.gw/academics/education/adolescentyoung-adult-licensure/,/academics/education/adolescentyoung-adult-licensure/,0.660,SEO_NEEDS_IMPROVEMENT,medium
https://uof.rt.gw/academics/education/doctor-of-education-ed-d/,/academics/education/doctor-of-education-ed-d/,0.580,SEO_LOW,high
https://uof.rt.gw/academics/education/doctor-of-education/,/academics/education/doctor-of-education/,0.660,SEO_NEEDS_IMPROVEMENT,medium
https://uof.rt.gw/academics/education/early-childhood-licensure/,/academics/education/early-childhood-licensure/,0.660,SEO_NEEDS_IMPROVEMENT,medium
https://uof.rt.gw/academics/education/edd-school-psychology/,/academics/education/edd-school-psychology/,0.580,SEO_LOW,high
https://uof.rt.gw/academics/education/graduate/,/academics/education/graduate/,0.660,SEO_NEEDS_IMPROVEMENT,medium
https://uof.rt.gw/academics/education/graduate/career-change/,/academics/education/graduate/career-change/,,NOT_SCANNED,high
https://uof.rt.gw/academics/education/graduate/dual-enrollment-certificate/,/academics/education/graduate/dual-enrollment-certificate/,0.660,SEO_NEEDS_IMPROVEMENT,medium
https://uof.rt.gw/academics/education/hr-development/,/academics/education/hr-development/,0.660,SEO_NEEDS_IMPROVEMENT,medium
https://uof.rt.gw/academics/education/intervention-specialist-2/,/academics/education/intervention-specialist-2/,0.660,SEO_NEEDS_IMPROVEMENT,medium
https://uof.rt.gw/academics/education/intervention-specialist-3/,/academics/education/intervention-specialist-3/,0.660,SEO_NEEDS_IMPROVEMENT,medium
https://uof.rt.gw/academics/education/intervention-specialist/,/academics/education/intervention-specialist/,0.500,SEO_LOW,high
https://uof.rt.gw/academics/education/literacy-leadership-certificate/,/academics/education/literacy-leadership-certificate/,0.580,SEO_LOW,high
https://uof.rt.gw/academics/education/mae-curricular-instructional-leadership/,/academics/education/mae-curricular-instructional-leadership/,0.660,SEO_NEEDS_IMPROVEMENT,medium
https://uof.rt.gw/academics/education/mae-educational-administration/,/academics/education/mae-educational-administration/,0.660,SEO_NEEDS_IMPROVEMENT,medium
https://uof.rt.gw/academics/education/mae-in-children-literature/,/academics/education/mae-in-children-literature/,0.580,SEO_LOW,high
https://uof.rt.gw/academics/education/mae-reading-emphasis/,/academics/education/mae-reading-emphasis/,0.660,SEO_NEEDS_IMPROVEMENT,medium
https://uof.rt.gw/academics/education/master-of-arts-in-education-2/,/academics/education/master-of-arts-in-education-2/,0.660,SEO_NEEDS_IMPROVEMENT,medium
https://uof.rt.gw/academics/education/master-of-arts-in-education-on-campus/,/academics/education/master-of-arts-in-education-on-campus/,0.660,SEO_NEEDS_IMPROVEMENT,medium
https://uof.rt.gw/academics/education/master-of-arts-in-education/,/academics/education/master-of-arts-in-education/,0.660,SEO_NEEDS_IMPROVEMENT,medium
https://uof.rt.gw/academics/education/middle-childhood-2/,/academics/education/middle-childhood-2/,0.660,SEO_NEEDS_IMPROVEMENT,medium
https://uof.rt.gw/academics/education/middle-childhood-licensure/,/academics/education/middle-childhood-licensure/,0.660,SEO_NEEDS_IMPROVEMENT,medium
https://uof.rt.gw/academics/education/middle-childhood/,/academics/education/middle-childhood/,0.500,SEO_LOW,high
https://uof.rt.gw/academics/education/multi-age-2/,/academics/education/multi-age-2/,0.660,SEO_NEEDS_IMPROVEMENT,medium
https://uof.rt.gw/academics/education/multi-age-health-physical-education/,/academics/education/multi-age-health-physical-education/,0.580,SEO_LOW,high
https://uof.rt.gw/academics/education/multi-age-japanese/,/academics/education/multi-age-japanese/,0.660,SEO_NEEDS_IMPROVEMENT,medium
https://uof.rt.gw/academics/education/multi-age-licensure/,/academics/education/multi-age-licensure/,0.660,SEO_NEEDS_IMPROVEMENT,medium
https://uof.rt.gw/academics/education/multi-age-spanish/,/academics/education/multi-age-spanish/,0.660,SEO_NEEDS_IMPROVEMENT,medium
https://uof.rt.gw/academics/education/multi-age-tesol/,/academics/education/multi-age-tesol/,0.660,SEO_NEEDS_IMPROVEMENT,medium
https://uof.rt.gw/academics/education/multi-age-visual-arts/,/academics/education/multi-age-visual-arts/,0.580,SEO_LOW,high
https://uof.rt.gw/academics/education/multi-age/,/academics/education/multi-age/,0.580,SEO_LOW,high
https://uof.rt.gw/academics/education/primary-education-2/,/academics/education/primary-education-2/,0.580,SEO_LOW,high
https://uof.rt.gw/academics/education/primary-education/,/academics/education/primary-education/,0.500,SEO_LOW,high
https://uof.rt.gw/academics/education/primary-education1/,/academics/education/primary-education1/,0.580,SEO_LOW,high
https://uof.rt.gw/academics/education/professional-development/,/academics/education/professional-development/,0.660,SEO_NEEDS_IMPROVEMENT,medium
https://uof.rt.gw/academics/education/professional-school-treasurer-licensure/,/academics/education/professional-school-treasurer-licensure/,0.660,SEO_NEEDS_IMPROVEMENT,medium
https://uof.rt.gw/academics/education/reading-endorsement/,/academics/education/reading-endorsement/,0.660,SEO_NEEDS_IMPROVEMENT,medium
https://uof.rt.gw/academics/education/school-building-leader/,/academics/education/school-building-leader/,0.660,SEO_NEEDS_IMPROVEMENT,medium
https://uof.rt.gw/academics/education/school-counselor-leadership-certificate/,/academics/education/school-counselor-leadership-certificate/,0.580,SEO_LOW,high
https://uof.rt.gw/academics/education/school-district-leader/,/academics/education/school-district-leader/,0.660,SEO_NEEDS_IMPROVEMENT,medium
https://uof.rt.gw/academics/education/tesol-endorsement/,/academics/education/tesol-endorsement/,0.660,SEO_NEEDS_IMPROVEMENT,medium
https://uof.rt.gw/academics/education/the-clubhouse/,/academics/education/the-clubhouse/,0.660,SEO_NEEDS_IMPROVEMENT,medium
https://uof.rt.gw/academics/education/title-ii-report/,/academics/education/title-ii-report/,0.580,SEO_LOW,high
https://uof.rt.gw/academics/education/undergraduate-programs/,/academics/education/undergraduate-programs/,0.660,SEO_NEEDS_IMPROVEMENT,medium
https://uof.rt.gw/academics/education/undergraduate-programs/primary-education-1/,/academics/education/undergraduate-programs/primary-education-1/,0.580,SEO_LOW,high
https://uof.rt.gw/academics/explore-colleges/,/academics/explore-colleges/,,NOT_SCANNED,high
https://uof.rt.gw/academics/graduate/,/academics/graduate/,0.660,SEO_NEEDS_IMPROVEMENT,medium
https://uof.rt.gw/academics/graduate/doctorate-degrees/,/academics/graduate/doctorate-degrees/,0.660,SEO_NEEDS_IMPROVEMENT,medium
https://uof.rt.gw/academics/graduate/graduate-programs/,/academics/graduate/graduate-programs/,0.660,SEO_NEEDS_IMPROVEMENT,medium
https://uof.rt.gw/academics/graduate/graduate-programs/masters-program/,/academics/graduate/graduate-programs/masters-program/,0.500,SEO_LOW,high
https://uof.rt.gw/academics/health-professions/,/academics/health-professions/,0.660,SEO_NEEDS_IMPROVEMENT,medium
https://uof.rt.gw/academics/health-professions/health-human-performance/,/academics/health-professions/health-human-performance/,,NOT_SCANNED,high
https://uof.rt.gw/academics/health-professions/health-human-performance/exercise-science/,/academics/health-professions/health-human-performance/exercise-science/,0.660,SEO_NEEDS_IMPROVEMENT,medium
https://uof.rt.gw/academics/health-professions/health-human-performance/strength-conditioning/,/academics/health-professions/health-human-performance/strength-conditioning/,0.660,SEO_NEEDS_IMPROVEMENT,medium
https://uof.rt.gw/academics/health-professions/health-human-performance/wellness-exercise-promotion/,/academics/health-professions/health-human-performance/wellness-exercise-promotion/,0.660,SEO_NEEDS_IMPROVEMENT,medium
https://uof.rt.gw/academics/health-professions/health-informatics-ma/,/academics/health-professions/health-informatics-ma/,0.660,SEO_NEEDS_IMPROVEMENT,medium
https://uof.rt.gw/academics/health-professions/health-informatics-ma/accreditation/,/academics/health-professions/health-informatics-ma/accreditation/,0.660,SEO_NEEDS_IMPROVEMENT,medium
https://uof.rt.gw/academics/health-professions/health-informatics-ma/on-campus-health-informatics/,/academics/health-professions/health-informatics-ma/on-campus-health-informatics/,0.660,SEO_NEEDS_IMPROVEMENT,medium
https://uof.rt.gw/academics/health-professions/health-studies/,/academics/health-professions/health-studies/,0.660,SEO_NEEDS_IMPROVEMENT,medium
https://uof.rt.gw/academics/health-professions/medical-laboratory-science/,/academics/health-professions/medical-laboratory-science/,0.660,SEO_NEEDS_IMPROVEMENT,medium
https://uof.rt.gw/academics/health-professions/nuclear-medicine/,/academics/health-professions/nuclear-medicine/,0.580,SEO_LOW,high
https://uof.rt.gw/academics/health-professions/nuclear-medicine/accreditation/,/academics/health-professions/nuclear-medicine/accreditation/,0.580,SEO_LOW,high
https://uof.rt.gw/academics/health-professions/nuclear-medicine/heoa-compliance/,/academics/health-professions/nuclear-medicine/heoa-compliance/,,NOT_SCANNED,high
https://uof.rt.gw/academics/health-professions/nuclear-medicine/nuclear-medicine-technology/,/academics/health-professions/nuclear-medicine/nuclear-medicine-technology/,0.660,SEO_NEEDS_IMPROVEMENT,medium
https://uof.rt.gw/academics/health-professions/nursing/,/academics/health-professions/nursing/,0.660,SEO_NEEDS_IMPROVEMENT,medium
https://uof.rt.gw/academics/health-professions/nursing/accreditation-approval/,/academics/health-professions/nursing/accreditation-approval/,0.580,SEO_LOW,high
https://uof.rt.gw/academics/health-professions/occupational-therapy/,/academics/health-professions/occupational-therapy/,0.660,SEO_NEEDS_IMPROVEMENT,medium
https://uof.rt.gw/academics/health-professions/occupational-therapy/doctor-of-occupational-therapy/,/academics/health-professions/occupational-therapy/doctor-of-occupational-therapy/,0.580,SEO_LOW,high
https://uof.rt.gw/academics/health-professions/occupational-therapy/weekend-masters-program/,/academics/health-professions/occupational-therapy/weekend-masters-program/,0.580,SEO_LOW,high
https://uof.rt.gw/academics/health-professions/occupational-therapy/weekend-program/,/academics/health-professions/occupational-therapy/weekend-program/,0.580,SEO_LOW,high
https://uof.rt.gw/academics/health-professions/pediatric-healthcare-series/,/academics/health-professions/pediatric-healthcare-series/,0.660,SEO_NEEDS_IMPROVEMENT,medium
https://uof.rt.gw/academics/health-professions/physical-therapy/,/academics/health-professions/physical-therapy/,0.660,SEO_NEEDS_IMPROVEMENT,medium
https://uof.rt.gw/academics/health-professions/physical-therapy/accreditation/,/academics/health-professions/physical-therapy/accreditation/,0.580,SEO_LOW,high
https://uof.rt.gw/academics/health-professions/physical-therapy/bridge-program/,/academics/health-professions/physical-therapy/bridge-program/,0.580,SEO_LOW,high
https://uof.rt.gw/academics/health-professions/physical-therapy/early-assurance/,/academics/health-professions/physical-therapy/early-assurance/,0.580,SEO_LOW,high
https://uof.rt.gw/academics/health-professions/physical-therapy/junior-admit/,/academics/health-professions/physical-therapy/junior-admit/,0.580,SEO_LOW,high
https://uof.rt.gw/academics/health-professions/physical-therapy/traditional-program/,/academics/health-professions/physical-therapy/traditional-program/,0.580,SEO_LOW,high
https://uof.rt.gw/academics/health-professions/physical-therapy/weekend-pta-to-dpt-bridge-program/,/academics/health-professions/physical-therapy/weekend-pta-to-dpt-bridge-program/,0.580,SEO_LOW,high
https://uof.rt.gw/academics/health-professions/physician-assistant-ma/,/academics/health-professions/physician-assistant-ma/,0.660,SEO_NEEDS_IMPROVEMENT,medium
https://uof.rt.gw/academics/health-professions/physician-assistant-ma/accreditation/,/academics/health-professions/physician-assistant-ma/accreditation/,0.580,SEO_LOW,high
https://uof.rt.gw/academics/health-professions/social-work/,/academics/health-professions/social-work/,0.660,SEO_NEEDS_IMPROVEMENT,medium
https://uof.rt.gw/academics/health-professions/social-work/accreditation/,/academics/health-professions/social-work/accreditation/,0.580,SEO_LOW,high
https://uof.rt.gw/academics/health-professions/sonography/,/academics/health-professions/sonography/,0.660,SEO_NEEDS_IMPROVEMENT,medium
https://uof.rt.gw/academics/health-professions/sonography/accreditationapprovals/,/academics/health-professions/sonography/accreditationapprovals/,0.580,SEO_LOW,high
https://uof.rt.gw/academics/health-professions/sonography/diagnostic-medical-sonography/,/academics/health-professions/sonography/diagnostic-medical-sonography/,0.660,SEO_NEEDS_IMPROVEMENT,medium
https://uof.rt.gw/academics/health-professions/sonography/echocardiography/,/academics/health-professions/sonography/echocardiography/,0.660,SEO_NEEDS_IMPROVEMENT,medium
https://uof.rt.gw/academics/honors/,/academics/honors/,0.580,SEO_LOW,high
https://uof.rt.gw/academics/honors/curriculum/,/academics/honors/curriculum/,0.660,SEO_NEEDS_IMPROVEMENT,medium
https://uof.rt.gw/academics/honors/honors-benefits/,/academics/honors/honors-benefits/,0.660,SEO_NEEDS_IMPROVEMENT,medium
https://uof.rt.gw/academics/honors/how-to-apply/,/academics/honors/how-to-apply/,0.580,SEO_LOW,high
https://uof.rt.gw/academics/honors/program-benefits/,/academics/honors/program-benefits/,0.580,SEO_LOW,high
https://uof.rt.gw/academics/honors/student-experiences/,/academics/honors/student-experiences/,0.580,SEO_LOW,high
https://uof.rt.gw/academics/non-degree-programs/,/academics/non-degree-programs/,0.660,SEO_NEEDS_IMPROVEMENT,medium
https://uof.rt.gw/academics/non-degree-programs/applied-leadership-and-innovation/,/academics/non-degree-programs/applied-leadership-and-innovation/,0.580,SEO_LOW,high
https://uof.rt.gw/academics/non-degree-programs/business-essentials/,/academics/non-degree-programs/business-essentials/,0.580,SEO_LOW,high
https://uof.rt.gw/academics/non-degree-programs/data-analytics/,/academics/non-degree-programs/data-analytics/,0.580,SEO_LOW,high
https://uof.rt.gw/academics/non-degree-programs/diagnostic-medical-sonography/,/academics/non-degree-programs/diagnostic-medical-sonography/,0.580,SEO_LOW,high
https://uof.rt.gw/academics/non-degree-programs/echocardiography/,/academics/non-degree-programs/echocardiography/,0.580,SEO_LOW,high
https://uof.rt.gw/academics/non-degree-programs/emergency-response/,/academics/non-degree-programs/emergency-response/,0.580,SEO_LOW,high
https://uof.rt.gw/academics/non-degree-programs/english-language-and-american-culture/,/academics/non-degree-programs/english-language-and-american-culture/,0.580,SEO_LOW,high
https://uof.rt.gw/academics/non-degree-programs/gender-studies/,/academics/non-degree-programs/gender-studies/,0.580,SEO_LOW,high
https://uof.rt.gw/academics/non-degree-programs/gerontology/,/academics/non-degree-programs/gerontology/,0.580,SEO_LOW,high
https://uof.rt.gw/academics/non-degree-programs/information-assurance/,/academics/non-degree-programs/information-assurance/,0.580,SEO_LOW,high
https://uof.rt.gw/academics/non-degree-programs/nuclear-medicine-technology/,/academics/non-degree-programs/nuclear-medicine-technology/,0.580,SEO_LOW,high
https://uof.rt.gw/academics/online/,/academics/online/,0.660,SEO_NEEDS_IMPROVEMENT,medium
https://uof.rt.gw/academics/online/doctoral/,/academics/online/doctoral/,0.580,SEO_LOW,high
https://uof.rt.gw/academics/online/masters/,/academics/online/masters/,0.660,SEO_NEEDS_IMPROVEMENT,medium
https://uof.rt.gw/academics/online/sample-online-course/,/academics/online/sample-online-course/,0.580,SEO_LOW,high
https://uof.rt.gw/academics/online/what-is-online-learning/,/academics/online/what-is-online-learning/,0.580,SEO_LOW,high
https://uof.rt.gw/academics/pharmacy/,/academics/pharmacy/,0.660,SEO_NEEDS_IMPROVEMENT,medium
https://uof.rt.gw/academics/pharmacy/accreditation/,/academics/pharmacy/accreditation/,0.660,SEO_NEEDS_IMPROVEMENT,medium
https://uof.rt.gw/academics/pharmacy/first-time-freshmen/,/academics/pharmacy/first-time-freshmen/,0.580,SEO_LOW,high
https://uof.rt.gw/academics/pharmacy/pharm-d-mba/,/academics/pharmacy/pharm-d-mba/,0.660,SEO_NEEDS_IMPROVEMENT,medium
https://uof.rt.gw/academics/program-finder/,/academics/program-finder/,0.660,SEO_NEEDS_IMPROVEMENT,medium
https://uof.rt.gw/academics/programs/,/academics/programs/,0.660,SEO_NEEDS_IMPROVEMENT,medium
https://uof.rt.gw/academics/programs/associate/,/academics/programs/associate/,0.660,SEO_NEEDS_IMPROVEMENT,medium
https://uof.rt.gw/academics/programs/graduate/,/academics/programs/graduate/,0.660,SEO_NEEDS_IMPROVEMENT,medium
https://uof.rt.gw/academics/programs/undergraduate/,/academics/programs/undergraduate/,0.660,SEO_NEEDS_IMPROVEMENT,medium
https://uof.rt.gw/academics/research/,/academics/research/,0.660,SEO_NEEDS_IMPROVEMENT,medium
https://uof.rt.gw/academics/sciences/,/academics/sciences/,0.660,SEO_NEEDS_IMPROVEMENT,medium
https://uof.rt.gw/academics/sciences/animal-science/,/academics/sciences/animal-science/,0.660,SEO_NEEDS_IMPROVEMENT,medium
https://uof.rt.gw/academics/sciences/animal-science/industry/,/academics/sciences/animal-science/industry/,0.660,SEO_NEEDS_IMPROVEMENT,medium
https://uof.rt.gw/academics/sciences/animal-science/pre-vet/,/academics/sciences/animal-science/pre-vet/,0.660,SEO_NEEDS_IMPROVEMENT,medium
https://uof.rt.gw/academics/sciences/animal-science/science/,/academics/sciences/animal-science/science/,0.660,SEO_NEEDS_IMPROVEMENT,medium
https://uof.rt.gw/academics/sciences/applied-security-analytics-masters/,/academics/sciences/applied-security-analytics-masters/,0.660,SEO_NEEDS_IMPROVEMENT,medium
https://uof.rt.gw/academics/sciences/applied-security-analytics-masters/masters-applied-security-analytics-on-campus/,/academics/sciences/applied-security-analytics-masters/masters-applied-security-analytics-on-campus/,0.660,SEO_NEEDS_IMPROVEMENT,medium
https://uof.rt.gw/academics/sciences/biology/,/academics/sciences/biology/,0.660,SEO_NEEDS_IMPROVEMENT,medium
https://uof.rt.gw/academics/sciences/chemistry/,/academics/sciences/chemistry/,0.580,SEO_LOW,high
https://uof.rt.gw/academics/sciences/computer-science/,/academics/sciences/computer-science/,0.580,SEO_LOW,high
https://uof.rt.gw/academics/sciences/computer-science/3c-computer-repairs/,/academics/sciences/computer-science/3c-computer-repairs/,0.580,SEO_LOW,high
https://uof.rt.gw/academics/sciences/computer-science/business-emphasis/,/academics/sciences/computer-science/business-emphasis/,0.580,SEO_LOW,high
https://uof.rt.gw/academics/sciences/computer-science/computer-systems-emphasis/,/academics/sciences/computer-science/computer-systems-emphasis/,0.580,SEO_LOW,high
https://uof.rt.gw/academics/sciences/computer-science/data-analytics/,/academics/sciences/computer-science/data-analytics/,0.500,SEO_LOW,high
https://uof.rt.gw/academics/sciences/computer-science/information-assurance/,/academics/sciences/computer-science/information-assurance/,0.580,SEO_LOW,high
https://uof.rt.gw/academics/sciences/computer-science/mathematics/,/academics/sciences/computer-science/mathematics/,0.580,SEO_LOW,high
https://uof.rt.gw/academics/sciences/computer-science/web-and-database-emphasis/,/academics/sciences/computer-science/web-and-database-emphasis/,0.580,SEO_LOW,high
https://uof.rt.gw/academics/sciences/environmental-masters/,/academics/sciences/environmental-masters/,0.580,SEO_LOW,high
https://uof.rt.gw/academics/sciences/environmental-masters/bcsp-qualified-academic-program/,/academics/sciences/environmental-masters/bcsp-qualified-academic-program/,0.580,SEO_LOW,high
https://uof.rt.gw/academics/sciences/environmental-masters/emergency-and-disaster-management-certificate/,/academics/sciences/environmental-masters/emergency-and-disaster-management-certificate/,0.660,SEO_NEEDS_IMPROVEMENT,medium
https://uof.rt.gw/academics/sciences/environmental-masters/environmental-management-certificate/,/academics/sciences/environmental-masters/environmental-management-certificate/,0.580,SEO_LOW,high
https://uof.rt.gw/academics/sciences/environmental-masters/environmental-masters-accreditation/,/academics/sciences/environmental-masters/environmental-masters-accreditation/,0.660,SEO_NEEDS_IMPROVEMENT,medium
https://uof.rt.gw/academics/sciences/environmental-masters/occupational-health-and-safety-management-certificate/,/academics/sciences/environmental-masters/occupational-health-and-safety-management-certificate/,0.580,SEO_LOW,high
https://uof.rt.gw/academics/sciences/environmental-sustainability/,/academics/sciences/environmental-sustainability/,0.500,SEO_LOW,high
https://uof.rt.gw/academics/sciences/environmental-sustainability/accreditation/,/academics/sciences/environmental-sustainability/accreditation/,0.580,SEO_LOW,high
https://uof.rt.gw/academics/sciences/environmental-sustainability/bcsp-qualified-academic-program/,/academics/sciences/environmental-sustainability/bcsp-qualified-academic-program/,0.660,SEO_NEEDS_IMPROVEMENT,medium
https://uof.rt.gw/academics/sciences/environmental-sustainability/ehss-conference/,/academics/sciences/environmental-sustainability/ehss-conference/,0.580,SEO_LOW,high
https://uof.rt.gw/academics/sciences/environmental-sustainability/speakers/,/academics/sciences/environmental-sustainability/speakers/,0.500,SEO_LOW,high
https://uof.rt.gw/academics/sciences/equestrian-studies/,/academics/sciences/equestrian-studies/,0.660,SEO_NEEDS_IMPROVEMENT,medium
https://uof.rt.gw/academics/sciences/equestrian-studies/english-equestrian/,/academics/sciences/equestrian-studies/english-equestrian/,0.660,SEO_NEEDS_IMPROVEMENT,medium
https://uof.rt.gw/academics/sciences/equestrian-studies/english-equestrian/riding-videos/,/academics/sciences/equestrian-studies/english-equestrian/riding-videos/,0.660,SEO_NEEDS_IMPROVEMENT,medium
https://uof.rt.gw/academics/sciences/equestrian-studies/equestrian-bootcamp/,/academics/sciences/equestrian-studies/equestrian-bootcamp/,0.580,SEO_LOW,high
https://uof.rt.gw/academics/sciences/equestrian-studies/equine-vet-clinic/,/academics/sciences/equestrian-studies/equine-vet-clinic/,0.580,SEO_LOW,high
https://uof.rt.gw/academics/sciences/equestrian-studies/eventing-team/,/academics/sciences/equestrian-studies/eventing-team/,0.580,SEO_LOW,high
https://uof.rt.gw/academics/sciences/equestrian-studies/eventing-team/meet-the-team/,/academics/sciences/equestrian-studies/eventing-team/meet-the-team/,0.660,SEO_NEEDS_IMPROVEMENT,medium
https://uof.rt.gw/academics/sciences/equestrian-studies/ihsa-hunt-seat/,/academics/sciences/equestrian-studies/ihsa-hunt-seat/,0.660,SEO_NEEDS_IMPROVEMENT,medium
https://uof.rt.gw/academics/sciences/equestrian-studies/ihsa-western/,/academics/sciences/equestrian-studies/ihsa-western/,0.660,SEO_NEEDS_IMPROVEMENT,medium
https://uof.rt.gw/academics/sciences/equestrian-studies/ranch-horse-team/,/academics/sciences/equestrian-studies/ranch-horse-team/,0.660,SEO_NEEDS_IMPROVEMENT,medium
https://uof.rt.gw/academics/sciences/equestrian-studies/send-your-horse-to-college/,/academics/sciences/equestrian-studies/send-your-horse-to-college/,0.660,SEO_NEEDS_IMPROVEMENT,medium
https://uof.rt.gw/academics/sciences/equestrian-studies/western-equestrian/,/academics/sciences/equestrian-studies/western-equestrian/,0.660,SEO_NEEDS_IMPROVEMENT,medium
https://uof.rt.gw/academics/sciences/equestrian-studies/western-equestrian/program-overview/,/academics/sciences/equestrian-studies/western-equestrian/program-overview/,0.660,SEO_NEEDS_IMPROVEMENT,medium
https://uof.rt.gw/academics/sciences/equine-business-management/,/academics/sciences/equine-business-management/,0.660,SEO_NEEDS_IMPROVEMENT,medium
https://uof.rt.gw/academics/sciences/geology/,/academics/sciences/geology/,0.660,SEO_NEEDS_IMPROVEMENT,medium
https://uof.rt.gw/academics/sciences/mathematics/,/academics/sciences/mathematics/,0.660,SEO_NEEDS_IMPROVEMENT,medium
https://uof.rt.gw/academics/sciences/mathematics/overview/,/academics/sciences/mathematics/overview/,0.660,SEO_NEEDS_IMPROVEMENT,medium
https://uof.rt.gw/academics/sciences/physics/,/academics/sciences/physics/,0.660,SEO_NEEDS_IMPROVEMENT,medium
https://uof.rt.gw/academics/sciences/pre-medicine/,/academics/sciences/pre-medicine/,0.660,SEO_NEEDS_IMPROVEMENT,medium
https://uof.rt.gw/academics/shafer-library/,/academics/shafer-library/,0.580,SEO_LOW,high
https://uof.rt.gw/academics/shafer-library/alumni-community/,/academics/shafer-library/alumni-community/,0.660,SEO_NEEDS_IMPROVEMENT,medium
https://uof.rt.gw/academics/shafer-library/article-request-form/,/academics/shafer-library/article-request-form/,0.580,SEO_LOW,high
https://uof.rt.gw/academics/shafer-library/book-request-form/,/academics/shafer-library/book-request-form/,0.580,SEO_LOW,high
https://uof.rt.gw/academics/shafer-library/borrowing-library-materials/,/academics/shafer-library/borrowing-library-materials/,0.660,SEO_NEEDS_IMPROVEMENT,medium
https://uof.rt.gw/academics/shafer-library/computers-technology/,/academics/shafer-library/computers-technology/,0.660,SEO_NEEDS_IMPROVEMENT,medium
https://uof.rt.gw/academics/shafer-library/current-students/,/academics/shafer-library/current-students/,0.580,SEO_LOW,high
https://uof.rt.gw/academics/shafer-library/find-articles/,/academics/shafer-library/find-articles/,0.580,SEO_LOW,high
https://uof.rt.gw/academics/shafer-library/find-books/,/academics/shafer-library/find-books/,0.580,SEO_LOW,high
https://uof.rt.gw/academics/shafer-library/group-study-room-policy/,/academics/shafer-library/group-study-room-policy/,0.580,SEO_LOW,high
https://uof.rt.gw/academics/shafer-library/hours/,/academics/shafer-library/hours/,0.660,SEO_NEEDS_IMPROVEMENT,medium
https://uof.rt.gw/academics/shafer-library/information-literacy-instruction/,/academics/shafer-library/information-literacy-instruction/,0.580,SEO_LOW,high
https://uof.rt.gw/academics/shafer-library/libraries-collections/,/academics/shafer-library/libraries-collections/,0.660,SEO_NEEDS_IMPROVEMENT,medium
https://uof.rt.gw/academics/shafer-library/library-instruction-request-form/,/academics/shafer-library/library-instruction-request-form/,0.580,SEO_LOW,high
https://uof.rt.gw/academics/shafer-library/request-research-appointment-form/,/academics/shafer-library/request-research-appointment-form/,0.580,SEO_LOW,high
https://uof.rt.gw/academics/shafer-library/requesting-articles-books-policy/,/academics/shafer-library/requesting-articles-books-policy/,0.580,SEO_LOW,high
https://uof.rt.gw/academics/shafer-library/research-help/,/academics/shafer-library/research-help/,0.580,SEO_LOW,high
https://uof.rt.gw/academics/shafer-library/study-spaces/,/academics/shafer-library/study-spaces/,0.660,SEO_NEEDS_IMPROVEMENT,medium
https://uof.rt.gw/academics/shafer-library/teacher-resource-center/,/academics/shafer-library/teacher-resource-center/,0.580,SEO_LOW,high
https://uof.rt.gw/academics/shafer-library/university-archives/,/academics/shafer-library/university-archives/,0.580,SEO_LOW,high
https://uof.rt.gw/academics/study-abroad/,/academics/study-abroad/,0.580,SEO_LOW,high
https://uof.rt.gw/academics/study-abroad/scholarships/,/academics/study-abroad/scholarships/,0.580,SEO_LOW,high
https://uof.rt.gw/academics/symposium/,/academics/symposium/,0.580,SEO_LOW,high
https://uof.rt.gw/academics/symposium/committee/,/academics/symposium/committee/,0.500,SEO_LOW,high
https://uof.rt.gw/academics/symposium/founder-award/,/academics/symposium/founder-award/,0.580,SEO_LOW,high
https://uof.rt.gw/academics/symposium/oral-presentation/,/academics/symposium/oral-presentation/,0.580,SEO_LOW,high
https://uof.rt.gw/academics/symposium/performance-demonstration/,/academics/symposium/performance-demonstration/,0.580,SEO_LOW,high
https://uof.rt.gw/academics/symposium/poster-presentation/,/academics/symposium/poster-presentation/,0.580,SEO_LOW,high
https://uof.rt.gw/academics/symposium/posterdesignprinting/,/academics/symposium/posterdesignprinting/,0.580,SEO_LOW,high
https://uof.rt.gw/academics/undergraduate/,/academics/undergraduate/,0.660,SEO_NEEDS_IMPROVEMENT,medium
https://uof.rt.gw/academics/undergraduate/associate-degrees/,/academics/undergraduate/associate-degrees/,0.580,SEO_LOW,high
https://uof.rt.gw/academics/undergraduate/minors/,/academics/undergraduate/minors/,0.660,SEO_NEEDS_IMPROVEMENT,medium
https://uof.rt.gw/academics/watterson-center/,/academics/watterson-center/,0.580,SEO_LOW,high
https://uof.rt.gw/academics/watterson-center/team-info/,/academics/watterson-center/team-info/,0.580,SEO_LOW,high
https://uof.rt.gw/academics/watterson-center/watterson-scholars/,/academics/watterson-center/watterson-scholars/,0.580,SEO_LOW,high
https://uof.rt.gw/academics/watterson-center/watterson-scholars/about-the-program/,/academics/watterson-center/watterson-scholars/about-the-program/,0.500,SEO_LOW,high
https://uof.rt.gw/academics/writing-center/,/academics/writing-center/,0.660,SEO_NEEDS_IMPROVEMENT,medium
https://uof.rt.gw/admissions-aid/,/admissions-aid/,0.660,SEO_NEEDS_IMPROVEMENT,medium
https://uof.rt.gw/admissions-aid/academic-partnerships/,/admissions-aid/academic-partnerships/,0.580,SEO_LOW,high
https://uof.rt.gw/admissions-aid/accommodations/,/admissions-aid/accommodations/,0.580,SEO_LOW,high
https://uof.rt.gw/admissions-aid/alumni/,/admissions-aid/alumni/,0.500,SEO_LOW,high
https://uof.rt.gw/admissions-aid/check-application-status/,/admissions-aid/check-application-status/,0.580,SEO_LOW,high
https://uof.rt.gw/admissions-aid/college-credit-plus/,/admissions-aid/college-credit-plus/,0.660,SEO_NEEDS_IMPROVEMENT,medium
https://uof.rt.gw/admissions-aid/college-credit-plus/administrators/,/admissions-aid/college-credit-plus/administrators/,0.580,SEO_LOW,high
https://uof.rt.gw/admissions-aid/college-credit-plus/ccp-partner-schools/,/admissions-aid/college-credit-plus/ccp-partner-schools/,0.580,SEO_LOW,high
https://uof.rt.gw/admissions-aid/college-credit-plus/current-students/,/admissions-aid/college-credit-plus/current-students/,0.660,SEO_NEEDS_IMPROVEMENT,medium
https://uof.rt.gw/admissions-aid/college-credit-plus/eligibility-requirements/,/admissions-aid/college-credit-plus/eligibility-requirements/,0.580,SEO_LOW,high
https://uof.rt.gw/admissions-aid/college-credit-plus/faq/,/admissions-aid/college-credit-plus/faq/,0.500,SEO_LOW,high
https://uof.rt.gw/admissions-aid/college-credit-plus/forms-resources/,/admissions-aid/college-credit-plus/forms-resources/,0.500,SEO_LOW,high
https://uof.rt.gw/admissions-aid/college-credit-plus/future-students/,/admissions-aid/college-credit-plus/future-students/,0.580,SEO_LOW,high
https://uof.rt.gw/admissions-aid/college-credit-plus/parents/,/admissions-aid/college-credit-plus/parents/,0.660,SEO_NEEDS_IMPROVEMENT,medium
https://uof.rt.gw/admissions-aid/cost-of-attendance/,/admissions-aid/cost-of-attendance/,0.660,SEO_NEEDS_IMPROVEMENT,medium
https://uof.rt.gw/admissions-aid/families/,/admissions-aid/families/,0.580,SEO_LOW,high
https://uof.rt.gw/admissions-aid/families/family-resources/,/admissions-aid/families/family-resources/,0.500,SEO_LOW,high
https://uof.rt.gw/admissions-aid/families/homecoming/,/admissions-aid/families/homecoming/,0.660,SEO_NEEDS_IMPROVEMENT,medium
https://uof.rt.gw/admissions-aid/families/new-family-orientation/,/admissions-aid/families/new-family-orientation/,0.580,SEO_LOW,high
https://uof.rt.gw/admissions-aid/families/new-student-orientation/,/admissions-aid/families/new-student-orientation/,0.580,SEO_LOW,high
https://uof.rt.gw/admissions-aid/families/semester-check-list/,/admissions-aid/families/semester-check-list/,0.580,SEO_LOW,high
https://uof.rt.gw/admissions-aid/families/semester-checklist/,/admissions-aid/families/semester-checklist/,0.580,SEO_LOW,high
https://uof.rt.gw/admissions-aid/financial-aid/,/admissions-aid/financial-aid/,0.660,SEO_NEEDS_IMPROVEMENT,medium
https://uof.rt.gw/admissions-aid/financial-aid/choose-ohio-first-scholarships/,/admissions-aid/financial-aid/choose-ohio-first-scholarships/,0.660,SEO_NEEDS_IMPROVEMENT,medium
https://uof.rt.gw/admissions-aid/financial-aid/deadlines-important-dates/,/admissions-aid/financial-aid/deadlines-important-dates/,0.580,SEO_LOW,high
https://uof.rt.gw/admissions-aid/financial-aid/federal-aid/,/admissions-aid/financial-aid/federal-aid/,0.660,SEO_NEEDS_IMPROVEMENT,medium
https://uof.rt.gw/admissions-aid/financial-aid/federal-grants-loans-state-aid-ohio-work-study-programs/,/admissions-aid/financial-aid/federal-grants-loans-state-aid-ohio-work-study-programs/,0.580,SEO_LOW,high
https://uof.rt.gw/admissions-aid/financial-aid/frequently-asked-questions/,/admissions-aid/financial-aid/frequently-asked-questions/,0.580,SEO_LOW,high
https://uof.rt.gw/admissions-aid/financial-aid/how-to-apply/,/admissions-aid/financial-aid/how-to-apply/,0.580,SEO_LOW,high
https://uof.rt.gw/admissions-aid/financial-aid/renewing-your-aid/,/admissions-aid/financial-aid/renewing-your-aid/,0.580,SEO_LOW,high
https://uof.rt.gw/admissions-aid/financial-aid/summer/,/admissions-aid/financial-aid/summer/,0.500,SEO_LOW,high
https://uof.rt.gw/admissions-aid/financial-aid/tuition-fees/,/admissions-aid/financial-aid/tuition-fees/,0.660,SEO_NEEDS_IMPROVEMENT,medium
https://uof.rt.gw/admissions-aid/first-year-students/,/admissions-aid/first-year-students/,0.660,SEO_NEEDS_IMPROVEMENT,medium
https://uof.rt.gw/admissions-aid/first-year-students/accept-your-financial-aid/,/admissions-aid/first-year-students/accept-your-financial-aid/,0.500,SEO_LOW,high
https://uof.rt.gw/admissions-aid/first-year-students/accepted-next-steps/,/admissions-aid/first-year-students/accepted-next-steps/,0.660,SEO_NEEDS_IMPROVEMENT,medium
https://uof.rt.gw/admissions-aid/first-year-students/future-oiler-registration/,/admissions-aid/first-year-students/future-oiler-registration/,0.660,SEO_NEEDS_IMPROVEMENT,medium
https://uof.rt.gw/admissions-aid/first-year-students/new-student-orientation/,/admissions-aid/first-year-students/new-student-orientation/,0.660,SEO_NEEDS_IMPROVEMENT,medium
https://uof.rt.gw/admissions-aid/first-year-students/placement-tests/,/admissions-aid/first-year-students/placement-tests/,0.660,SEO_NEEDS_IMPROVEMENT,medium
https://uof.rt.gw/admissions-aid/first-year-students/requirements-and-deadlines/,/admissions-aid/first-year-students/requirements-and-deadlines/,0.660,SEO_NEEDS_IMPROVEMENT,medium
https://uof.rt.gw/admissions-aid/first-year-students/scholarships-and-financial-aid/,/admissions-aid/first-year-students/scholarships-and-financial-aid/,0.660,SEO_NEEDS_IMPROVEMENT,medium
https://uof.rt.gw/admissions-aid/first-year-students/summer-programs/,/admissions-aid/first-year-students/summer-programs/,0.500,SEO_LOW,high
https://uof.rt.gw/admissions-aid/graduate-students/,/admissions-aid/graduate-students/,0.660,SEO_NEEDS_IMPROVEMENT,medium
https://uof.rt.gw/admissions-aid/graduate-students/alumni-discount/,/admissions-aid/graduate-students/alumni-discount/,0.660,SEO_NEEDS_IMPROVEMENT,medium
https://uof.rt.gw/admissions-aid/graduate-students/assistantships/,/admissions-aid/graduate-students/assistantships/,0.580,SEO_LOW,high
https://uof.rt.gw/admissions-aid/graduate-students/financial-aid-scholarships/,/admissions-aid/graduate-students/financial-aid-scholarships/,0.580,SEO_LOW,high
https://uof.rt.gw/admissions-aid/graduate-students/orientation/,/admissions-aid/graduate-students/orientation/,0.580,SEO_LOW,high
https://uof.rt.gw/admissions-aid/graduate-students/weekend-programs/,/admissions-aid/graduate-students/weekend-programs/,0.660,SEO_NEEDS_IMPROVEMENT,medium
https://uof.rt.gw/admissions-aid/international-students/,/admissions-aid/international-students/,0.660,SEO_NEEDS_IMPROVEMENT,medium
https://uof.rt.gw/admissions-aid/international-students/admitted-international-students/,/admissions-aid/international-students/admitted-international-students/,0.660,SEO_NEEDS_IMPROVEMENT,medium
https://uof.rt.gw/admissions-aid/international-students/applying-for-your-f-1-visa/,/admissions-aid/international-students/applying-for-your-f-1-visa/,0.660,SEO_NEEDS_IMPROVEMENT,medium
https://uof.rt.gw/admissions-aid/international-students/arriving-to-campus/,/admissions-aid/international-students/arriving-to-campus/,0.580,SEO_LOW,high
https://uof.rt.gw/admissions-aid/international-students/estimated-funding-for-i-20/,/admissions-aid/international-students/estimated-funding-for-i-20/,0.660,SEO_NEEDS_IMPROVEMENT,medium
https://uof.rt.gw/admissions-aid/international-students/housing/,/admissions-aid/international-students/housing/,0.660,SEO_NEEDS_IMPROVEMENT,medium
https://uof.rt.gw/admissions-aid/international-students/immigration/,/admissions-aid/international-students/immigration/,0.660,SEO_NEEDS_IMPROVEMENT,medium
https://uof.rt.gw/admissions-aid/international-students/immigration/change-employers/,/admissions-aid/international-students/immigration/change-employers/,0.580,SEO_LOW,high
https://uof.rt.gw/admissions-aid/international-students/immigration/change-of-status/,/admissions-aid/international-students/immigration/change-of-status/,0.660,SEO_NEEDS_IMPROVEMENT,medium
https://uof.rt.gw/admissions-aid/international-students/immigration/curricular-practical-training/,/admissions-aid/international-students/immigration/curricular-practical-training/,0.580,SEO_LOW,high
https://uof.rt.gw/admissions-aid/international-students/immigration/i-765/,/admissions-aid/international-students/immigration/i-765/,0.580,SEO_LOW,high
https://uof.rt.gw/admissions-aid/international-students/immigration/i-983/,/admissions-aid/international-students/immigration/i-983/,0.660,SEO_NEEDS_IMPROVEMENT,medium
https://uof.rt.gw/admissions-aid/international-students/immigration/opt-application/,/admissions-aid/international-students/immigration/opt-application/,0.660,SEO_NEEDS_IMPROVEMENT,medium
https://uof.rt.gw/admissions-aid/international-students/immigration/opt-employer-update-form/,/admissions-aid/international-students/immigration/opt-employer-update-form/,0.580,SEO_LOW,high
https://uof.rt.gw/admissions-aid/international-students/immigration/qualifying-for-stem-opt/,/admissions-aid/international-students/immigration/qualifying-for-stem-opt/,0.500,SEO_LOW,high
https://uof.rt.gw/admissions-aid/international-students/immigration/severe-economic-hardship/,/admissions-aid/international-students/immigration/severe-economic-hardship/,0.580,SEO_LOW,high
https://uof.rt.gw/admissions-aid/international-students/immigration/stem-opt-extension/,/admissions-aid/international-students/immigration/stem-opt-extension/,0.580,SEO_LOW,high
https://uof.rt.gw/admissions-aid/international-students/immigration/stem-opt-reporting/,/admissions-aid/international-students/immigration/stem-opt-reporting/,0.580,SEO_LOW,high
https://uof.rt.gw/admissions-aid/international-students/immigration/travel-form/,/admissions-aid/international-students/immigration/travel-form/,0.580,SEO_LOW,high
https://uof.rt.gw/admissions-aid/international-students/immigration/withdrawl-transfer/,/admissions-aid/international-students/immigration/withdrawl-transfer/,0.580,SEO_LOW,high
https://uof.rt.gw/admissions-aid/international-students/international-admission-criteria/,/admissions-aid/international-students/international-admission-criteria/,0.580,SEO_LOW,high
https://uof.rt.gw/admissions-aid/international-students/international-orientation-schedule/,/admissions-aid/international-students/international-orientation-schedule/,0.660,SEO_NEEDS_IMPROVEMENT,medium
https://uof.rt.gw/admissions-aid/international-students/invitation-letter-form/,/admissions-aid/international-students/invitation-letter-form/,0.660,SEO_NEEDS_IMPROVEMENT,medium
https://uof.rt.gw/admissions-aid/international-students/point-of-entry/,/admissions-aid/international-students/point-of-entry/,0.660,SEO_NEEDS_IMPROVEMENT,medium
https://uof.rt.gw/admissions-aid/international-students/recruitment-partners/,/admissions-aid/international-students/recruitment-partners/,0.580,SEO_LOW,high
https://uof.rt.gw/admissions-aid/international-students/scholarships/,/admissions-aid/international-students/scholarships/,0.660,SEO_NEEDS_IMPROVEMENT,medium
https://uof.rt.gw/admissions-aid/international-students/waive-english-proficiency-requirements/,/admissions-aid/international-students/waive-english-proficiency-requirements/,0.660,SEO_NEEDS_IMPROVEMENT,medium
https://uof.rt.gw/admissions-aid/meet-your-admission-counselor/,/admissions-aid/meet-your-admission-counselor/,0.580,SEO_LOW,high
https://uof.rt.gw/admissions-aid/merit-scholarship/,/admissions-aid/merit-scholarship/,0.580,SEO_LOW,high
https://uof.rt.gw/admissions-aid/military-services/,/admissions-aid/military-services/,0.660,SEO_NEEDS_IMPROVEMENT,medium
https://uof.rt.gw/admissions-aid/military-services/financial-aid-scholarships/,/admissions-aid/military-services/financial-aid-scholarships/,0.580,SEO_LOW,high
https://uof.rt.gw/admissions-aid/military-services/honor-wall/,/admissions-aid/military-services/honor-wall/,0.580,SEO_LOW,high
https://uof.rt.gw/admissions-aid/military-services/meet-our-staff/,/admissions-aid/military-services/meet-our-staff/,0.580,SEO_LOW,high
https://uof.rt.gw/admissions-aid/military-services/scholarships-and-internships/,/admissions-aid/military-services/scholarships-and-internships/,0.580,SEO_LOW,high
https://uof.rt.gw/admissions-aid/military-services/staff/,/admissions-aid/military-services/staff/,0.580,SEO_LOW,high
https://uof.rt.gw/admissions-aid/non-degree-students/,/admissions-aid/non-degree-students/,0.660,SEO_NEEDS_IMPROVEMENT,medium
https://uof.rt.gw/admissions-aid/oiler-early-advantage/,/admissions-aid/oiler-early-advantage/,0.660,SEO_NEEDS_IMPROVEMENT,medium
https://uof.rt.gw/admissions-aid/oiler-scholarship/,/admissions-aid/oiler-scholarship/,0.660,SEO_NEEDS_IMPROVEMENT,medium
https://uof.rt.gw/admissions-aid/oiler-scholarship/elite/,/admissions-aid/oiler-scholarship/elite/,0.660,SEO_NEEDS_IMPROVEMENT,medium
https://uof.rt.gw/admissions-aid/oiler-scholarship/leadership/,/admissions-aid/oiler-scholarship/leadership/,0.660,SEO_NEEDS_IMPROVEMENT,medium
https://uof.rt.gw/admissions-aid/online-students/,/admissions-aid/online-students/,0.580,SEO_LOW,high
https://uof.rt.gw/admissions-aid/prime-the-pump/,/admissions-aid/prime-the-pump/,0.660,SEO_NEEDS_IMPROVEMENT,medium
https://uof.rt.gw/admissions-aid/request-information/,/admissions-aid/request-information/,0.660,SEO_NEEDS_IMPROVEMENT,medium
https://uof.rt.gw/admissions-aid/scholarships/,/admissions-aid/scholarships/,0.660,SEO_NEEDS_IMPROVEMENT,medium
https://uof.rt.gw/admissions-aid/special-programs/,/admissions-aid/special-programs/,,NOT_SCANNED,high
https://uof.rt.gw/admissions-aid/transfer-students/,/admissions-aid/transfer-students/,0.660,SEO_NEEDS_IMPROVEMENT,medium
https://uof.rt.gw/admissions-aid/transfer-students/accepted-next-steps/,/admissions-aid/transfer-students/accepted-next-steps/,0.660,SEO_NEEDS_IMPROVEMENT,medium
https://uof.rt.gw/admissions-aid/transfer-students/admissions-for-health-professions/,/admissions-aid/transfer-students/admissions-for-health-professions/,0.660,SEO_NEEDS_IMPROVEMENT,medium
https://uof.rt.gw/admissions-aid/transfer-students/be-rewarded/,/admissions-aid/transfer-students/be-rewarded/,0.660,SEO_NEEDS_IMPROVEMENT,medium
https://uof.rt.gw/admissions-aid/transfer-students/transfer-admission-criteria/,/admissions-aid/transfer-students/transfer-admission-criteria/,0.660,SEO_NEEDS_IMPROVEMENT,medium
https://uof.rt.gw/admissions-aid/transfer-students/transferology/,/admissions-aid/transfer-students/transferology/,0.660,SEO_NEEDS_IMPROVEMENT,medium
https://uof.rt.gw/admissions-aid/tuition/,/admissions-aid/tuition/,0.660,SEO_NEEDS_IMPROVEMENT,medium
https://uof.rt.gw/admissions-aid/undecided-major/,/admissions-aid/undecided-major/,0.660,SEO_NEEDS_IMPROVEMENT,medium
https://uof.rt.gw/admissions-aid/undergraduate-student/,/admissions-aid/undergraduate-student/,0.580,SEO_LOW,high
https://uof.rt.gw/admissions-aid/virtual-tour/,/admissions-aid/virtual-tour/,0.660,SEO_NEEDS_IMPROVEMENT,medium
https://uof.rt.gw/admissions-aid/visit-connect/,/admissions-aid/visit-connect/,0.660,SEO_NEEDS_IMPROVEMENT,medium
https://uof.rt.gw/campus-life/,/campus-life/,0.580,SEO_LOW,high
https://uof.rt.gw/campus-life/academic-support/,/campus-life/academic-support/,0.660,SEO_NEEDS_IMPROVEMENT,medium
https://uof.rt.gw/campus-life/academic-support/tutoring-faq/,/campus-life/academic-support/tutoring-faq/,0.580,SEO_LOW,high
https://uof.rt.gw/campus-life/advising/,/campus-life/advising/,0.660,SEO_NEEDS_IMPROVEMENT,medium
https://uof.rt.gw/campus-life/campus-ministries/,/campus-life/campus-ministries/,0.660,SEO_NEEDS_IMPROVEMENT,medium
https://uof.rt.gw/campus-life/campus-ministries/the-well/,/campus-life/campus-ministries/the-well/,0.580,SEO_LOW,high
https://uof.rt.gw/campus-life/careers/,/campus-life/careers/,0.580,SEO_LOW,high
https://uof.rt.gw/campus-life/careers/alumni/,/campus-life/careers/alumni/,0.660,SEO_NEEDS_IMPROVEMENT,medium
https://uof.rt.gw/campus-life/careers/employers/,/campus-life/careers/employers/,0.660,SEO_NEEDS_IMPROVEMENT,medium
https://uof.rt.gw/campus-life/careers/graduate-students/,/campus-life/careers/graduate-students/,0.580,SEO_LOW,high
https://uof.rt.gw/campus-life/careers/international-student/,/campus-life/careers/international-student/,0.660,SEO_NEEDS_IMPROVEMENT,medium
https://uof.rt.gw/campus-life/careers/internship-listing/,/campus-life/careers/internship-listing/,0.660,SEO_NEEDS_IMPROVEMENT,medium
https://uof.rt.gw/campus-life/careers/internships/,/campus-life/careers/internships/,0.660,SEO_NEEDS_IMPROVEMENT,medium
https://uof.rt.gw/campus-life/careers/job-listing/,/campus-life/careers/job-listing/,0.660,SEO_NEEDS_IMPROVEMENT,medium
https://uof.rt.gw/campus-life/careers/outcomes-survey/,/campus-life/careers/outcomes-survey/,0.580,SEO_LOW,high
https://uof.rt.gw/campus-life/careers/resources/,/campus-life/careers/resources/,0.660,SEO_NEEDS_IMPROVEMENT,medium
https://uof.rt.gw/campus-life/commuting-to-campus/,/campus-life/commuting-to-campus/,0.580,SEO_LOW,high
https://uof.rt.gw/campus-life/counseling/,/campus-life/counseling/,0.660,SEO_NEEDS_IMPROVEMENT,medium
https://uof.rt.gw/campus-life/counseling/in-an-emergency/,/campus-life/counseling/in-an-emergency/,0.580,SEO_LOW,high
https://uof.rt.gw/campus-life/counseling/services/,/campus-life/counseling/services/,0.580,SEO_LOW,high
https://uof.rt.gw/campus-life/dining/,/campus-life/dining/,0.660,SEO_NEEDS_IMPROVEMENT,medium
https://uof.rt.gw/campus-life/dining/catering-office/,/campus-life/dining/catering-office/,0.580,SEO_LOW,high
https://uof.rt.gw/campus-life/dining/dining-locations/,/campus-life/dining/dining-locations/,0.500,SEO_LOW,high
https://uof.rt.gw/campus-life/dining/frequently-asked-questions/,/campus-life/dining/frequently-asked-questions/,0.580,SEO_LOW,high
https://uof.rt.gw/campus-life/dining/helping-hands-history/,/campus-life/dining/helping-hands-history/,0.580,SEO_LOW,high
https://uof.rt.gw/campus-life/dining/helping-hands-sponsors/,/campus-life/dining/helping-hands-sponsors/,0.580,SEO_LOW,high
https://uof.rt.gw/campus-life/dining/helping-hands/,/campus-life/dining/helping-hands/,0.660,SEO_NEEDS_IMPROVEMENT,medium
https://uof.rt.gw/campus-life/dining/mobile-order/,/campus-life/dining/mobile-order/,0.660,SEO_NEEDS_IMPROVEMENT,medium
https://uof.rt.gw/campus-life/dining/nutrition/,/campus-life/dining/nutrition/,0.580,SEO_LOW,high
https://uof.rt.gw/campus-life/dining/off-campus-dining/,/campus-life/dining/off-campus-dining/,0.580,SEO_LOW,high
https://uof.rt.gw/campus-life/dining/on-campus-dining/,/campus-life/dining/on-campus-dining/,0.580,SEO_LOW,high
https://uof.rt.gw/campus-life/dining/resident-dining-plans/,/campus-life/dining/resident-dining-plans/,0.580,SEO_LOW,high
https://uof.rt.gw/campus-life/health-services/,/campus-life/health-services/,0.580,SEO_LOW,high
https://uof.rt.gw/campus-life/health-services/community-health-resources/,/campus-life/health-services/community-health-resources/,0.580,SEO_LOW,high
https://uof.rt.gw/campus-life/health-services/cosiano-health-services/,/campus-life/health-services/cosiano-health-services/,,NOT_SCANNED,high
https://uof.rt.gw/campus-life/health-services/recommended-immunizations/,/campus-life/health-services/recommended-immunizations/,0.660,SEO_NEEDS_IMPROVEMENT,medium
https://uof.rt.gw/campus-life/health-services/services/,/campus-life/health-services/services/,0.580,SEO_LOW,high
https://uof.rt.gw/campus-life/housing-dining/,/campus-life/housing-dining/,,NOT_SCANNED,high
https://uof.rt.gw/campus-life/housing-dining/housing-and-residence-life/,/campus-life/housing-dining/housing-and-residence-life/,,NOT_SCANNED,high
https://uof.rt.gw/campus-life/housing/,/campus-life/housing/,0.660,SEO_NEEDS_IMPROVEMENT,medium
https://uof.rt.gw/campus-life/housing/apartment-style-housing/,/campus-life/housing/apartment-style-housing/,0.580,SEO_LOW,high
https://uof.rt.gw/campus-life/housing/bare-residence-hall/,/campus-life/housing/bare-residence-hall/,0.580,SEO_LOW,high
https://uof.rt.gw/campus-life/housing/become-an-ra/,/campus-life/housing/become-an-ra/,0.660,SEO_NEEDS_IMPROVEMENT,medium
https://uof.rt.gw/campus-life/housing/cottages/,/campus-life/housing/cottages/,0.580,SEO_LOW,high
https://uof.rt.gw/campus-life/housing/deming-residence-hall/,/campus-life/housing/deming-residence-hall/,0.500,SEO_LOW,high
https://uof.rt.gw/campus-life/housing/derrick-square/,/campus-life/housing/derrick-square/,0.580,SEO_LOW,high
https://uof.rt.gw/campus-life/housing/faq/,/campus-life/housing/faq/,0.580,SEO_LOW,high
https://uof.rt.gw/campus-life/housing/fox-residence-hall/,/campus-life/housing/fox-residence-hall/,0.500,SEO_LOW,high
https://uof.rt.gw/campus-life/housing/group-housing/,/campus-life/housing/group-housing/,0.580,SEO_LOW,high
https://uof.rt.gw/campus-life/housing/haven-residence-hall/,/campus-life/housing/haven-residence-hall/,0.580,SEO_LOW,high
https://uof.rt.gw/campus-life/housing/lovett-residence-hall/,/campus-life/housing/lovett-residence-hall/,0.500,SEO_LOW,high
https://uof.rt.gw/campus-life/housing/morey-residence-hall/,/campus-life/housing/morey-residence-hall/,0.500,SEO_LOW,high
https://uof.rt.gw/campus-life/housing/myers-residence-hall/,/campus-life/housing/myers-residence-hall/,0.500,SEO_LOW,high
https://uof.rt.gw/campus-life/housing/oiler-pointe/,/campus-life/housing/oiler-pointe/,0.500,SEO_LOW,high
https://uof.rt.gw/campus-life/housing/residence-halls/,/campus-life/housing/residence-halls/,0.580,SEO_LOW,high
https://uof.rt.gw/campus-life/housing/townhouses/,/campus-life/housing/townhouses/,0.660,SEO_NEEDS_IMPROVEMENT,medium
https://uof.rt.gw/campus-life/housing/village-residence-hall/,/campus-life/housing/village-residence-hall/,0.580,SEO_LOW,high
https://uof.rt.gw/campus-life/housing/what-to-bring-to-the-residence-halls/,/campus-life/housing/what-to-bring-to-the-residence-halls/,0.660,SEO_NEEDS_IMPROVEMENT,medium
https://uof.rt.gw/campus-life/oiler-success-center/,/campus-life/oiler-success-center/,0.580,SEO_LOW,high
https://uof.rt.gw/campus-life/oiler-success-center/academic-advisor-award/,/campus-life/oiler-success-center/academic-advisor-award/,0.580,SEO_LOW,high
https://uof.rt.gw/campus-life/oiler-success-center/student-success/,/campus-life/oiler-success-center/student-success/,0.580,SEO_LOW,high
https://uof.rt.gw/campus-life/parking-permits/,/campus-life/parking-permits/,0.580,SEO_LOW,high
https://uof.rt.gw/campus-life/recreation/,/campus-life/recreation/,0.660,SEO_NEEDS_IMPROVEMENT,medium
https://uof.rt.gw/campus-life/recreation/cardio-center-hours/,/campus-life/recreation/cardio-center-hours/,0.660,SEO_NEEDS_IMPROVEMENT,medium
https://uof.rt.gw/campus-life/recreation/cardio-center/,/campus-life/recreation/cardio-center/,0.660,SEO_NEEDS_IMPROVEMENT,medium
https://uof.rt.gw/campus-life/recreation/club-sports/,/campus-life/recreation/club-sports/,0.660,SEO_NEEDS_IMPROVEMENT,medium
https://uof.rt.gw/campus-life/recreation/exercise-classes/,/campus-life/recreation/exercise-classes/,0.660,SEO_NEEDS_IMPROVEMENT,medium
https://uof.rt.gw/campus-life/recreation/guest-passes/,/campus-life/recreation/guest-passes/,0.660,SEO_NEEDS_IMPROVEMENT,medium
https://uof.rt.gw/campus-life/recreation/hours-of-operation/,/campus-life/recreation/hours-of-operation/,0.660,SEO_NEEDS_IMPROVEMENT,medium
https://uof.rt.gw/campus-life/recreation/intramural-activities/,/campus-life/recreation/intramural-activities/,0.580,SEO_LOW,high
https://uof.rt.gw/campus-life/recreation/rules-and-regulations/,/campus-life/recreation/rules-and-regulations/,0.580,SEO_LOW,high
https://uof.rt.gw/campus-life/report-an-incident/,/campus-life/report-an-incident/,0.580,SEO_LOW,high
https://uof.rt.gw/campus-life/residence-halls-housing-options/,/campus-life/residence-halls-housing-options/,0.580,SEO_LOW,high
https://uof.rt.gw/campus-life/room-types-costs/,/campus-life/room-types-costs/,0.500,SEO_LOW,high
https://uof.rt.gw/campus-life/student-life/,/campus-life/student-life/,,NOT_SCANNED,high
https://uof.rt.gw/campus-life/student-life/student-government-association/,/campus-life/student-life/student-government-association/,0.660,SEO_NEEDS_IMPROVEMENT,medium
https://uof.rt.gw/campus-life/student-organizations/,/campus-life/student-organizations/,0.580,SEO_LOW,high
https://uof.rt.gw/campus-life/student-organizations/student-activities/,/campus-life/student-organizations/student-activities/,0.660,SEO_NEEDS_IMPROVEMENT,medium
https://uof.rt.gw/campus-life/student-support/,/campus-life/student-support/,,NOT_SCANNED,high
https://uof.rt.gw/offices/,/offices/,0.580,SEO_LOW,high
https://uof.rt.gw/part-time-faculty-directory/,/part-time-faculty-directory/,0.580,SEO_LOW,high
https://uof.rt.gw/faculty/abby-blinka/,/faculty/abby-blinka/,0.580,SEO_LOW,high
https://uof.rt.gw/faculty/abby-kalkstein-ph-d/,/faculty/abby-kalkstein-ph-d/,0.580,SEO_LOW,high
https://uof.rt.gw/faculty/abigail-allen-d-m-s/,/faculty/abigail-allen-d-m-s/,0.580,SEO_LOW,high
https://uof.rt.gw/faculty/brette-hensley/,/faculty/brette-hensley/,0.580,SEO_LOW,high
https://uof.rt.gw/faculty/brian-dill/,/faculty/brian-dill/,0.580,SEO_LOW,high
https://uof.rt.gw/faculty/brian-taylor/,/faculty/brian-taylor/,0.580,SEO_LOW,high
https://uof.rt.gw/faculty/brian-d-whitaker-ph-d/,/faculty/brian-d-whitaker-ph-d/,0.580,SEO_LOW,high
https://uof.rt.gw/faculty/brian-k-whitener/,/faculty/brian-k-whitener/,0.580,SEO_LOW,high
https://uof.rt.gw/faculty/domenic-bentz/,/faculty/domenic-bentz/,0.580,SEO_LOW,high
https://uof.rt.gw/faculty/dominic-guarnieri/,/faculty/dominic-guarnieri/,0.580,SEO_LOW,high
https://uof.rt.gw/faculty/dominic-wilson-ph-d/,/faculty/dominic-wilson-ph-d/,0.580,SEO_LOW,high
https://uof.rt.gw/faculty/donald-e-beck/,/faculty/donald-e-beck/,0.580,SEO_LOW,high
https://uof.rt.gw/faculty/doreen-bateson/,/faculty/doreen-bateson/,0.580,SEO_LOW,high
https://uof.rt.gw/faculty/nira-nikunj-kadakia-pharm-d/,/faculty/nira-nikunj-kadakia-pharm-d/,0.580,SEO_LOW,high
https://uof.rt.gw/faculty/noah-laughlin/,/faculty/noah-laughlin/,0.580,SEO_LOW,high
https://uof.rt.gw/faculty/noell-barhorst/,/faculty/noell-barhorst/,0.580,SEO_LOW,high
